game_id,pctEFG,pctTS,pctUSG,ortg,drtg,netrtg,pacePer40PACE_PER40,ratioPIE
21100013,0.278,0.279,0.316,100,96.3,3.7,78.23,0.031
21100029,0.333,0.333,0.068,105,80,25,79.66,0.131
21100034,0.429,0.457,0.145,108.5,104.2,4.3,77.08,0.072
21100055,0.7,0.643,0.158,67.7,112.5,-44.8,82,0.243
21100072,0.333,0.436,0.171,114.7,124.2,-9.5,77.16,0.086
21100091,0.5,0.41,0.118,106.7,106.3,0.4,76.86,0.074
21100095,0.5,0.5,0.105,94.4,105.4,-11,75.88,0.03
21100116,0.75,0.75,0.104,130,116.3,13.7,84.06,0.11
21100122,0.6,0.623,0.139,101.4,107,-5.6,83.28,0.145
21100136,0.75,0.764,0.179,108.2,116.4,-8.2,74.09,0.156
21100149,0.417,0.427,0.169,107.1,89.9,17.3,73.67,0.077
21100166,0.611,0.583,0.139,90.3,88.9,1.4,82.56,0.092
21100183,0.625,0.676,0.155,106.1,89.7,16.4,82.12,0.128
21100197,0.5,0.5,0.169,113.8,133.9,-20.1,73.71,0.068
21100204,0.25,0.25,0.087,85.7,87,-1.2,73.1,0.053
21100224,0,0.42,0.128,76.7,88.6,-11.9,82.35,0.122
21100235,0.308,0.308,0.16,101.4,113.9,-12.5,74.76,0.023
21100246,0,0,0.077,125,157.1,-32.1,72.32,-0.026
21100265,0.571,0.571,0.127,100,84.7,15.3,79.32,0.094
21100280,0.25,0.25,0.125,82.1,97.4,-15.3,74.88,0
21100295,0.333,0.333,0.167,79.1,102.3,-23.3,72.26,0.077
21100303,0.545,0.524,0.169,84.7,78,6.8,74.55,0.244
21100323,0.2,0.255,0.35,56.3,150,-93.8,76.04,-0.054
21100328,1,1,0.045,100,126.3,-26.3,65.64,0.073
21100350,0.929,0.952,0.118,119.4,95.2,24.2,79.4,0.186
21100363,0.375,0.41,0.097,83.6,86.2,-2.6,80.97,0.013
21100374,0.25,0.25,0.082,118.6,97.7,20.9,77.04,0.016
21100403,0.75,0.868,0.053,111.8,108.2,3.6,74.51,0.121
21100422,0.833,0.854,0.196,108.8,125.7,-16.9,73.8,0.174
21100429,0,0,0.03,109.4,125,-15.6,83.95,0.029
21100456,0.333,0.333,0.143,100,85,15,88.77,0.058
21100477,0.333,0.515,0.076,123.7,107.9,15.8,82.66,0.067
21100485,0.714,0.721,0.188,106.8,127.8,-21,82.79,0.161
21100501,1,1,0.333,266.7,33.3,233.3,57.6,0.667
21100535,0.4,0.654,0.22,109.1,83.9,25.2,74.35,0.381
21100553,0.5,0.725,0.196,107,97.6,9.4,75.47,0.24
21100578,1,0.94,0.085,113.2,125,-11.8,85.14,0.143
21100591,0.833,0.833,0.178,104.8,116.3,-11.5,84.66,0.12
21100614,0.583,0.583,0.095,123.6,96.4,27.3,80.15,0.106
21100633,1,1.02,0.088,145,113.3,31.7,77.17,0.126
21100649,0.667,0.697,0.134,107.6,103.8,3.7,80.56,0.124
21100659,0.417,0.417,0.121,110.9,122.4,-11.5,76.14,0.052
21100690,0.65,0.68,0.121,111.4,95,16.4,84.5,0.128
21100707,0.75,0.75,0.133,90.4,88.7,1.7,78.61,0.219
21100715,0.25,0.311,0.213,97.9,102.1,-4.3,74.1,0.056
21100723,0.643,0.698,0.122,88.2,83.3,4.9,82.74,0.18
21100740,0.591,0.612,0.171,114.5,108.1,6.5,78.44,0.113
21100750,0.864,0.864,0.184,127.7,107.8,19.9,77.72,0.151
21100774,0.5,0.5,0.111,114.9,95.6,19.3,76.56,0.043
21100792,0.429,0.508,0.2,133.3,111.8,21.6,71.72,0.119
21100801,0,0,0.051,88.9,80.6,8.3,81.78,0.025
21100822,0.6,0.6,0.098,126.1,95.8,30.3,88.47,0.089
21100839,0.75,0.75,0.069,107.3,96.4,10.9,82.5,0.118
21100850,0.375,0.415,0.164,112.8,100,12.8,73.83,0.084
21100866,0.25,0.25,0.108,91.4,111.1,-19.7,77.17,0.055
21100872,0.4,0.51,0.158,109.1,117.6,-8.6,73.33,0.109
21100892,1.083,1.087,0.167,125,76.6,48.4,79.83,0.184
21100912,0.875,0.875,0.109,113.9,88.2,25.7,86.33,0.221
21100917,0.3,0.3,0.132,100,94.7,5.3,83.8,0.044
21100929,0.65,0.65,0.161,138.2,101.8,36.4,80.05,0.145
21100941,0.8,0.8,0.132,147.1,105.7,41.3,73.27,0.11
21100956,0.438,0.517,0.188,111.9,115.2,-3.2,84.13,0.065
21100965,0.25,0.25,0.119,118.9,73,45.9,76.62,0.014
21100977,0.5,0.563,0.238,94.4,102.7,-8.3,85.97,0.141
21200008,0.577,0.644,0.211,113.2,95.6,17.6,79.35,0.139
21200014,0.25,0.338,0.191,87.7,87.5,0.2,80.36,0.015
21200035,1.1,1.105,0.108,133.3,90.2,43.2,74.77,0.15
21200047,0.333,0.436,0.208,97.8,86.4,11.4,72.16,0.084
21200064,0.4,0.4,0.13,100,120.9,-20.9,74.84,0.055
21200078,0.5,0.598,0.153,95.5,86.2,9.3,83.26,0.137
21200088,0.833,0.833,0.184,121.3,102.1,19.2,84.29,0.088
21200108,0.583,0.583,0.133,97.9,95.8,2.1,73.31,0.089
21200120,0.625,0.643,0.176,107.7,120.9,-13.2,79.03,0.118
21200387,0.5,0.508,0.186,112.5,92.3,20.2,79,0.11
21200402,0.682,0.715,0.207,138.9,85.5,53.4,83.69,0.19
21200418,0.5,0.533,0.212,115.2,78.3,37,76.14,0.18
21200432,0.333,0.333,0.05,108.5,96.7,11.8,90.45,0.063
21200449,0.5,0.5,0.097,122,98.3,23.7,83.59,0.07
21200457,1,1,0.111,128.6,61.9,66.7,73.42,0.205
21200470,0.333,0.333,0.109,96.2,105.9,-9.7,87.54,0.041
21200476,0.438,0.438,0.123,86,96.6,-10.6,76.45,0.063
21200496,0.25,0.25,0.063,107.1,74.1,33,83.82,0.057
21200507,0.833,0.833,0.118,88.3,95.2,-6.8,78.26,0.119
21200522,0.714,0.739,0.111,97.1,111.4,-14.4,83.34,0.08
21200535,0.417,0.436,0.096,95.5,116.9,-21.4,68.46,0.034
21200552,0.9,0.9,0.098,101.7,101.7,0,78.6,0.101
21200576,1.083,1.083,0.19,117.1,102.4,14.7,71.86,0.201
21200590,0,0,0.086,88.7,98.1,-9.4,75.77,0
21200594,0.625,0.717,0.145,107.4,106,1.4,80,0.102
21200611,0.538,0.542,0.2,94.2,77.9,16.3,79.14,0.113
21200639,0.375,0.512,0.167,125,90,35,84.92,0.139
21200648,0.5,0.5,0.113,117.5,112.5,5,76.44,0.081
21200678,0.9,0.9,0.147,113.8,75.8,38.1,78.09,0.189
21200702,0.389,0.484,0.157,110.6,83.1,27.5,78.57,0.108
21200731,0.615,0.663,0.209,112.7,89.1,23.6,81.93,0.198
21200739,0.538,0.559,0.255,102,129.4,-27.5,77.52,0.16
21200758,0.75,0.75,0.135,128.3,93.5,34.8,71.92,0.132
21200766,0.639,0.63,0.247,122.2,92.6,29.6,74.28,0.142
21200776,0.55,0.597,0.197,93.9,95.5,-1.6,80.89,0.142
21200796,0.455,0.55,0.217,114.3,106.3,8,83.23,0.063
21200822,0.375,0.512,0.119,92.5,103.7,-11.2,83.41,0.079
21200836,0.423,0.512,0.236,92.5,95.5,-3,80.56,0.168
21200858,0.45,0.537,0.161,101.2,107.4,-6.2,77.06,0.072
21200872,0.714,0.799,0.151,130.3,85.1,45.2,89.56,0.14
21200886,0.6,0.643,0.217,125.9,67.9,58,81.37,0.174
21200909,0.545,0.589,0.194,108.1,95.1,13,75.73,0.139
21200923,0.536,0.554,0.217,117.2,121.9,-4.7,79.5,0.08
21200944,0.5,0.5,0.239,109.1,115.2,-6.1,74.44,0.098
21200967,0.393,0.416,0.192,106.2,88.9,17.3,75.74,0.084
21200982,0.531,0.615,0.273,131.4,94.4,37.1,86.14,0.205
21201016,0.643,0.643,0.114,106.3,101.6,4.7,76.99,0.054
21201030,0.75,0.75,0.174,108.4,92.9,15.6,78.43,0.157
21201042,0.625,0.676,0.125,92.3,95.1,-2.8,83.86,0.128
21201067,0.643,0.661,0.092,110.5,88.3,22.2,80.16,0.158
21201082,0.333,0.333,0.108,120,108.3,11.7,74.42,0.069
21201098,0.654,0.654,0.175,104.5,101.5,3,70.65,0.164
21201125,0.583,0.581,0.261,109.1,110.1,-1,74.79,0.168
21201143,0.75,0.799,0.198,101.2,102.4,-1.2,83.49,0.153
21201172,0.4,0.4,0.167,98.2,101.7,-3.5,78.54,0.13
21201186,0.5,0.504,0.215,105.6,97.3,8.3,83.23,0.09
21201201,0.2,0.524,0.122,90.6,98.4,-7.8,76.94,0.117
21201225,0.333,0.333,0.111,93.2,105.3,-12,88.05,0.02
21300013,0.667,0.709,0.219,104.9,100,4.9,81.32,0.101
21300032,0.4,0.46,0.213,101.6,81.3,20.4,79.83,0.153
21300039,0.444,0.477,0.172,86.8,107.5,-20.8,80.2,0.052
21300057,0.5,0.5,0.208,97.2,105.6,-8.4,84.49,0.074
21300068,0.444,0.444,0.2,101.7,93.2,8.5,85.83,0.046
21300082,0.813,0.77,0.119,82.5,81,1.4,74.51,0.326
21300094,0.75,0.765,0.235,104.1,91.7,12.4,83.2,0.26
21300100,0.542,0.542,0.275,125.5,82,43.5,80.07,0.172
21300117,0.857,0.825,0.157,79.6,87.8,-8.2,81.27,0.214
21300133,0.375,0.375,0.164,77.6,80.7,-3.1,78.23,0.095
21300170,0.536,0.538,0.208,95.6,92.4,3.2,84.41,0.196
21300181,0.545,0.545,0.181,101.6,95.2,6.3,76.48,0.156
21300194,0.875,0.922,0.179,126.9,51.9,75.1,81.43,0.266
21300208,0.375,0.415,0.173,100,72.3,27.7,89.86,0.17
21300224,0.361,0.371,0.217,80.8,92.3,-11.5,82.43,0.09
21300229,0.714,0.714,0.163,113.6,106.5,7.1,79.82,0.134
21300245,0.375,0.375,0.141,95.1,104.9,-9.8,83.47,0.06
21300258,0.286,0.286,0.174,100,100,0,79.7,0.056
21300296,0.692,0.692,0.184,106,145.5,-39.5,72.88,0.096
21300312,0.438,0.474,0.141,126.8,106.9,19.9,78.53,0.091
21300321,0.375,0.564,0.214,145.5,64.4,81,74.43,0.18
21300338,0.864,0.864,0.158,111,116.2,-5.3,86.3,0.152
21300349,0.813,0.813,0.159,105.4,84.2,21.1,73.5,0.154
21300363,0.545,0.545,0.169,95.3,122.7,-27.4,82.41,0.095
21300378,0.4,0.429,0.237,109.2,112.3,-3.1,84.25,0.062
21300382,0.607,0.615,0.212,108,101.3,6.7,86.12,0.17
21300414,0.5,0.523,0.165,124.2,104.8,19.4,79.87,0.129
21300421,0.429,0.45,0.225,81.4,120.3,-39,80.5,0.053
21300425,0.5,0.509,0.134,95.2,109.7,-14.5,88.46,0.069
21300451,0.417,0.417,0.092,110.5,119.3,-8.8,79.49,0.042
21300465,0.5,0.5,0.123,146.2,86.8,59.4,78.21,0.076
21300477,0.3,0.469,0.167,103.8,118.5,-14.7,76.12,0.045
21300494,0.625,0.625,0.182,110.5,80.7,29.8,76.72,0.058
21300514,0.889,0.824,0.162,126.7,98.4,28.3,74.83,0.167
21300520,0.611,0.636,0.143,109.6,80.8,28.8,78.94,0.18
21300554,0.773,0.773,0.176,109.9,91.3,18.6,77.31,0.135
21300559,0.75,0.838,0.134,115.4,98.5,16.9,79.43,0.16
21300573,0.583,0.603,0.185,117.2,106,11.2,78.33,0.162
21300589,0.875,0.875,0.062,103.3,113.1,-9.8,83.54,0.114
21300604,0.556,0.583,0.233,112.5,92.1,20.4,74.4,0.159
21300630,0.75,0.75,0.114,103.2,106.3,-3,83.54,0.023
21300859,0.611,0.697,0.191,129.5,93.3,36.2,83.59,0.161
21300871,0.556,0.607,0.206,84.7,82.8,2,77.4,0.18
21300888,0.833,0.847,0.147,114.5,107.4,7.1,80.51,0.117
21300898,0.8,0.827,0.233,130.2,96.2,34,81.45,0.198
21300914,0.346,0.396,0.217,96.9,89.1,7.9,84.96,0.07
21300932,0.917,0.936,0.129,122.8,106.3,16.5,83.41,0.146
21300952,0.583,0.621,0.286,109.1,83.6,25.5,76.44,0.159
21300965,0.75,0.75,0.111,92.6,97.1,-4.4,77.8,0.176
21300978,0.375,0.483,0.2,118.2,83.7,34.5,84.88,0.116
21300993,0.625,0.619,0.155,138.9,109.1,29.8,79.51,0.117
21301017,0.708,0.751,0.181,123.7,104.1,19.6,87.59,0.185
21301030,0.455,0.55,0.192,98.3,86.7,11.7,77.68,0.155
21301038,0.429,0.508,0.225,100,85.3,14.7,81.86,0.096
21301054,0.722,0.759,0.196,126.4,78.8,47.6,81.13,0.164
21301068,0.438,0.474,0.108,100,97.3,2.7,86.08,0.077
21301084,0.636,0.612,0.217,122.4,93.9,28.6,85.79,0.181
21301092,0.556,0.644,0.24,100,77.8,22.2,81.42,0.216
21301102,0.667,0.658,0.141,121.5,92.3,29.2,70.78,0.182
21301123,0.444,0.533,0.159,127.6,101.7,25.9,78.88,0.106
21301127,0.567,0.567,0.254,105.1,105.1,0,82.29,0.124
21301154,1,1,0.222,124.1,100,24.1,78.66,0.245
21300275,0.5,0.527,0.172,77.8,98.1,-20.3,79.38,0.167
21301174,0.429,0.494,0.207,123.6,108.2,15.4,78.5,0.145
21301186,0.571,0.587,0.192,114.1,113,1,82.61,0.138
21301221,0.7,0.7,0.169,103.8,103.8,0.1,88.55,0.149
21400024,0,0.393,0.184,106.7,74.5,32.2,77.8,0.134
21400064,0.55,0.55,0.176,106.7,108.2,-1.5,80.89,0.102
21400069,0.182,0.284,0.197,71.4,92.9,-21.4,77.34,0.171
21400089,0.385,0.448,0.195,115.9,111.4,4.5,76.16,0.12
21400102,0.583,0.644,0.256,105.7,92.9,12.9,75.2,0.205
21400108,0.727,0.771,0.158,122.9,111.6,11.3,78.4,0.121
21400131,1,0.872,0.27,91.9,92.1,-0.2,82.87,0.157
21400139,0.469,0.487,0.226,93.5,106.4,-12.9,77.2,0.071
21400152,0.286,0.336,0.167,109.5,60,49.5,83.53,0.166
21400159,0.364,0.44,0.193,95.9,94.4,1.5,77.91,0.152
21400177,0.458,0.509,0.327,142.6,89.6,53,76.15,0.011
21400191,0.474,0.506,0.324,98.6,87.1,11.4,77.21,0.125
21400220,0.75,0.717,0.221,106.9,98.6,8.4,79.19,0.19
21400231,0.615,0.644,0.188,113.2,111.8,1.3,79.54,0.107
21400241,0.611,0.636,0.134,131,81.4,49.7,78,0.132
21400249,0.667,0.702,0.276,112.1,92.6,19.5,81.38,0.25
21400266,0.281,0.338,0.205,91.9,90.5,1.4,75.1,0.097
21400282,0.35,0.414,0.164,96.9,103.1,-6.2,84.37,0.071
21400291,0.583,0.634,0.274,136.4,87.3,49.1,80.15,0.13
21400314,0.538,0.526,0.215,104.3,101.4,2.9,79.5,0.134
21400354,0.429,0.541,0.222,109.7,91.7,18.1,78.64,0.204
21400361,0.389,0.488,0.356,95.5,101.5,-5.9,82.17,0.162
21400595,0.472,0.506,0.257,130.2,103.2,27,81.77,0.129
21400610,0.409,0.47,0.209,100,77.2,22.8,76.67,0.136
21400624,0.577,0.612,0.225,119.7,107.9,11.7,81.08,0.184
21400637,0.5,0.587,0.286,81.6,134,-52.4,73.24,0.097
21400648,0.542,0.563,0.187,105.9,82.4,23.5,81.68,0.233
21400663,0.409,0.584,0.195,96,94.6,1.4,82.02,0.23
21400689,0.5,0.615,0.167,91.3,104.4,-13.1,78.56,0.139
21400714,0.556,0.594,0.267,91.3,118.6,-27.3,80.97,0.136
21400739,0.778,0.836,0.169,105.1,110.4,-5.3,82.59,0.164
21400757,0.7,0.716,0.254,122.2,82.5,39.7,75.37,0.2
21400772,0.324,0.324,0.227,71.8,101.4,-29.5,77.73,0.01
21400774,0.375,0.402,0.167,98.4,98.4,0,77.79,0.066
21400790,0.167,0.291,0.246,128,103.8,24.2,73.16,0.062
21400802,0.091,0.157,0.267,107.1,96.6,10.6,85.16,-0.01
21400814,0.786,0.761,0.233,94.7,118.4,-23.7,80.71,0.137
21400836,0.5,0.488,0.193,77.1,102,-25,77.76,0.096
21400853,0.423,0.489,0.208,95.7,116.2,-20.5,77.91,0.135
21400867,0.536,0.571,0.174,113.3,105.3,8,82.34,0.154
21400875,0.5,0.557,0.247,106.1,68.7,37.4,83.34,0.286
21400906,0.909,0.823,0.219,118.6,80.3,38.3,83.24,0.25
21400921,0.618,0.666,0.273,131.1,105.3,25.8,83.33,0.174
21400931,0.45,0.479,0.231,123.5,105.1,18.4,81.42,0.114
21400949,0.526,0.578,0.244,121.3,103.9,17.4,77.73,0.197
21400964,0.679,0.685,0.231,127.7,133.7,-6,75.15,0.121
21400986,0.538,0.558,0.236,128.8,82.7,46.2,82.21,0.174
21401001,0.389,0.519,0.182,101.4,95.7,5.7,77.9,0.073
21401010,0.5,0.608,0.211,120.8,111.5,9.2,76.64,0.096
21401028,0.643,0.698,0.229,125,89.1,35.9,82.38,0.208
21401039,0.607,0.635,0.282,109.2,81.5,27.7,82.06,0.215
21401057,0.438,0.51,0.217,93.3,100,-6.7,84.72,0.165
21401071,0.611,0.651,0.204,148,88,60,86.46,0.157
21401084,0.346,0.407,0.27,100,93.5,6.5,76.97,0.045
21401098,0.676,0.699,0.292,113.8,87.7,26.2,77.74,0.205
21401110,0.654,0.703,0.21,109.7,77.8,31.9,75.96,0.295
21401113,0.571,0.635,0.174,102.5,107.3,-4.8,77.51,0.183
21401134,0.769,0.769,0.304,169,100,69,79.63,0.179
21401150,0.676,0.693,0.339,123.1,96.2,26.9,86.12,0.3
21401157,0.8,0.819,0.345,121.6,88.2,33.3,84.47,0.247
21401168,0.6,0.63,0.228,121.7,104.4,17.3,78.81,0.125
21401181,0.412,0.48,0.22,101.2,103.7,-2.5,82.72,0.181
21401200,0.542,0.634,0.211,127.3,96.9,30.3,76.91,0.163
21401223,0.429,0.47,0.203,110.8,114.9,-4.1,77.23,0.081
21500013,0.614,0.661,0.313,104.1,96.1,8,84.95,0.23
21500028,0.375,0.45,0.373,105.8,72.2,33.5,82.22,0.159
21500040,0.472,0.503,0.259,88.9,84.7,4.2,84.02,0.145
21500048,0.531,0.547,0.237,104.5,87.9,16.6,73.71,0.195
21500061,0.477,0.503,0.288,93.1,106.8,-13.7,83.83,0.115
21500090,0.688,0.681,0.219,115.7,100,15.7,82.11,0.153
21500103,0.885,0.865,0.178,130.9,89.2,41.7,84.13,0.17
21500123,0.536,0.617,0.236,120.6,115.9,4.6,78.69,0.133
21500156,0.633,0.615,0.238,110.7,105.5,5.3,72.1,0.194
21500172,0.594,0.608,0.195,118.1,106.9,11.1,78.23,0.133
21500182,0.525,0.527,0.273,91.8,100,-8.2,80.84,0.117
21500195,0.433,0.513,0.224,96.1,92.2,3.9,76.48,0.121
21500207,0.639,0.651,0.256,101.4,90.7,10.7,80.07,0.274
21500224,0.688,0.732,0.23,97.3,90.7,6.6,73.71,0.233
21500235,0.667,0.678,0.299,106.5,77.4,29,77.82,0.347
21500242,0.682,0.781,0.227,123,71.7,51.3,82.78,0.223
21500257,0.429,0.501,0.286,102.6,84.6,17.9,77.58,0.139
21500275,0.25,0.419,0.262,98.1,71.7,26.4,84.46,0.098
21500280,0.962,0.973,0.217,116.1,88.9,27.2,75.82,0.273
21500296,0.385,0.48,0.241,105.6,111.4,-5.9,83.27,0.078
21500323,0.438,0.415,0.161,80.8,105.7,-24.9,78.7,0.065
21500342,0.5,0.581,0.21,111.3,94.2,17.1,84.06,0.266
21500347,0.577,0.684,0.247,118.2,65.6,52.6,80.16,0.251
21500364,0.8,0.87,0.255,157.8,76.1,81.7,73.63,0.293
21500379,0.733,0.765,0.22,112.2,103.9,8.2,78.63,0.176
21500393,0.464,0.556,0.211,110.1,122.9,-12.7,77.44,0.127
21500416,0.553,0.591,0.263,104.3,88.6,15.7,80.61,0.207
21500431,0.594,0.594,0.246,110.3,86.4,23.9,76.43,0.199
21500439,0.474,0.503,0.233,93.3,87.8,5.5,76.35,0.188
21500450,0.615,0.678,0.246,116.1,88.7,27.4,77.59,0.167
21500465,0.611,0.704,0.145,98.7,94.8,3.9,81.85,0.196
21500481,0.75,0.808,0.2,120.7,80.7,40,78.54,0.186
21500502,0.75,0.775,0.233,125.8,102.9,22.8,78.39,0.127
21500516,0.875,0.901,0.236,140,106.3,33.7,79.78,0.156
21500532,0.636,0.656,0.271,131.8,100,31.8,75.86,0.155
21500546,0.421,0.458,0.253,104,110.8,-6.8,80.76,0.119
21500566,0.5,0.555,0.242,118.2,83.6,34.5,74.46,0.149
21500570,0.143,0.347,0.151,101.3,89.2,12.1,87.38,0
21500590,0.5,0.601,0.244,102.6,105.1,-2.4,77.8,0.179
21500612,0.5,0.55,0.226,103.3,76.3,27.1,81.74,0.133
21500644,0.433,0.567,0.383,141.9,82.2,59.6,79.28,0.187
21500653,0.5,0.62,0.233,120,91.1,28.9,77.44,0.168
21500675,0.75,0.881,0.203,89.1,125.9,-36.8,86.71,0.188
21500689,0.708,0.699,0.209,140,100,40,85.56,0.113
21500713,0.567,0.648,0.284,111.9,132.8,-20.9,76.06,0.127
21500726,0.455,0.455,0.217,100,92.9,7.1,83.81,0.086
21500742,0.676,0.693,0.276,102.7,97.3,5.4,82.52,0.178
21500759,0.625,0.664,0.31,124.5,77.8,46.8,80.28,0.179
21500767,0.308,0.51,0.253,110.3,109,1.3,79.45,0.149
21500784,0.676,0.676,0.247,130.4,97.1,33.3,82.43,0.188
21500790,0.711,0.729,0.286,113.4,104.5,9,81.58,0.2
21500854,0.375,0.483,0.292,93.2,86.4,6.8,84.54,0.16
21500860,0.767,0.822,0.247,122.2,96.8,25.4,71.09,0.27
21500872,0.731,0.796,0.218,110.1,91,19.1,80.2,0.235
21500905,0.614,0.614,0.301,112.9,82.6,30.2,77.51,0.221
21500909,0.682,0.682,0.286,113,94.8,18.2,78.94,0.198
21500928,0.396,0.462,0.373,105.5,97.3,8.2,80.81,0.167
21500939,0.413,0.449,0.29,97.4,101.3,-3.8,78.66,0.078
21500945,0.5,0.563,0.25,145.8,87.2,58.6,77.5,0.139
21500960,0.8,0.843,0.202,118.8,95,23.8,82.9,0.201
21500979,0.438,0.496,0.326,105.4,101.4,4.1,78.24,0.169
21501001,0.6,0.63,0.269,116.4,103.3,13.1,72.41,0.182
21501018,0.909,0.926,0.19,134.9,98.5,36.5,83.75,0.148
21501036,0.393,0.514,0.25,104.1,94.5,9.6,75.78,0.124
21501043,0.464,0.504,0.222,95.2,90.2,5,80.04,0.102
21501063,0.643,0.664,0.462,121.7,85.1,36.6,77.18,0.291
21501118,0.5,0.662,0.255,100,63.6,36.4,80.3,0.366
21501140,0.647,0.755,0.27,122.4,102.6,19.8,76.28,0.219
21501161,0.357,0.501,0.282,91.2,117.6,-26.5,71.02,0.1
21501177,0.75,0.741,0.23,95.7,117.1,-21.4,80.38,0.134
21501201,0.318,0.399,0.261,95.9,111.1,-15.2,74.4,0.146
21501215,0.525,0.553,0.333,102.8,107.1,-4.4,73.32,0.165
21600003,0.476,0.634,0.366,127.9,105.8,22.1,85.49,0.225
21600016,0.548,0.623,0.324,110.8,100,10.8,76.18,0.227
21600032,0.583,0.683,0.259,124.1,98.2,25.9,77.86,0.193
21600037,0.531,0.634,0.394,115.3,94.9,20.3,79.15,0.189
21600053,0.694,0.743,0.328,106.2,113.8,-7.7,72.65,0.215
21600077,0.528,0.647,0.343,123.3,109.8,13.5,76.83,0.232
21600086,0.231,0.424,0.311,96.5,114.3,-17.8,80.96,0.079
21600114,0.5,0.576,0.368,96.1,109,-12.9,79.01,0.173
21600127,0.389,0.44,0.276,106.2,107.7,-1.5,69.88,0.074
21600134,0.563,0.592,0.244,111,111.1,-0.2,77.06,0.101
21600150,0.447,0.523,0.342,102.9,105.8,-2.9,80.42,0.148
21600168,0.643,0.672,0.229,127,85.9,41,79.29,0.173
21600182,0.533,0.621,0.25,122.8,113,9.8,79.59,0.177
21600206,0.447,0.533,0.338,95.2,106.3,-11.1,74.56,0.213
21600213,0.714,0.7,0.259,129.2,119.4,9.7,78.69,0.168
21600225,0.528,0.606,0.307,110.8,115.6,-4.9,73.68,0.185
21600240,0.393,0.516,0.26,119.7,108.5,11.3,79.74,0.09
21600264,0.406,0.526,0.319,91.8,117.5,-25.7,77.42,0.086
21600272,0.375,0.493,0.359,113.8,107,6.8,74.1,0.124
21600289,0.556,0.595,0.25,107,115.9,-8.9,81.63,0.136
21600309,0.432,0.459,0.325,100,93.4,6.6,79.35,0.147
21600319,0.8,0.837,0.286,120.9,97,23.9,75.28,0.253
21600336,0.553,0.591,0.241,98.7,110.5,-11.8,79.75,0.155
21600353,0.667,0.727,0.333,135.7,96.5,39.2,83.29,0.242
21600383,0.559,0.647,0.286,110.5,102.7,7.8,82.15,0.146
21600387,0.542,0.634,0.234,117.9,92.9,25,81.65,0.295
21600412,0.55,0.597,0.193,124.5,82,42.5,80.98,0.107
21600425,0.333,0.507,0.325,106.7,106.7,0,82.53,0.101
21600441,0.447,0.566,0.341,97.1,108.7,-11.6,81.01,0.19
21600454,0.767,0.851,0.31,126.2,108.2,18,76.95,0.232
21600458,0.607,0.713,0.224,131.5,102.8,28.7,77.07,0.191
21600508,0.292,0.431,0.232,113.3,127.1,-13.8,84.56,0.043
21600525,0.875,0.88,0.241,142.6,73.6,69,75.98,0.262
21600543,0.553,0.578,0.275,140.3,104.2,36.1,79.55,0.119
21600558,0.472,0.503,0.3,103.2,98.4,4.8,76.03,0.082
21600575,0.688,0.735,0.23,113.9,111.6,2.3,78.25,0.212
21600588,0.885,0.914,0.276,158.5,109.6,48.9,80.46,0.259
21600605,0.65,0.726,0.394,101.5,110.4,-8.9,81.54,0.311
21600625,0.765,0.811,0.253,118.3,110.8,7.4,85.57,0.203
21600639,0.591,0.666,0.346,131.9,108.2,23.7,80.44,0.185
21600657,0.55,0.612,0.392,114.3,108.6,5.7,80.03,0.158
21600701,0.438,0.576,0.312,106,107.8,-1.8,86.09,0.151
21600717,0.5,0.585,0.298,100,111.8,-11.8,81.47,0.119
21600727,0.519,0.584,0.363,107.5,106.5,1,88.22,0.226
21600744,0.471,0.495,0.348,98.3,83.3,15,94.13,0.191
21600762,0.5,0.575,0.26,117.6,89.9,27.8,86.16,0.171
21600782,0.583,0.701,0.338,127.5,107.2,20.3,74.96,0.211
21600801,0.568,0.616,0.364,113.6,87.7,25.9,79.73,0.239
21600817,0.5,0.565,0.417,104.3,102.9,1.5,77.87,0.25
21600825,0.609,0.635,0.31,128.6,110.8,17.8,77.55,0.208
21600834,0.5,0.557,0.339,119.2,90.2,29,75.97,0.186
21600865,0.438,0.515,0.348,112.1,115.5,-3.4,75.19,0.095
21600874,0.556,0.606,0.371,117.9,82.8,35.1,89.31,0.156
21600902,0.568,0.629,0.366,93.8,107.6,-13.8,75.4,0.299
21600917,0.442,0.51,0.348,98.8,95.1,3.7,82,0.213
21600925,0.46,0.561,0.32,106.1,84.1,22,74.68,0.313
21600942,0.778,0.854,0.267,120,116.5,3.5,81.54,0.253
21600962,0.4,0.525,0.328,113,112.7,0.2,82.67,0.095
21600994,0.479,0.546,0.351,110.6,101.2,9.4,86.52,0.092
21601011,0.667,0.706,0.321,119.2,119.2,0,79.96,0.22
21601033,0.467,0.58,0.315,103.1,121.5,-18.5,71.33,0.142
21601042,0.292,0.41,0.233,142.9,110.4,32.4,74.09,0.058
21601056,0.538,0.632,0.29,98.4,92.2,6.3,83.25,0.202
21601070,0.5,0.525,0.263,113.4,113.8,-0.4,69.14,0.112
21601085,0.722,0.718,0.229,120.3,106.4,13.8,80.05,0.161
21601099,0.524,0.56,0.348,120.6,75.4,45.2,82.9,0.224
21601118,0.35,0.412,0.318,104.3,113.2,-8.9,77.54,0.091
21601135,0.5,0.549,0.272,110.3,93.6,16.7,81.89,0.208
21601151,0.633,0.691,0.276,115.9,121.7,-5.8,76.93,0.145
21601161,0.521,0.581,0.377,106.9,90.5,16.4,73.61,0.233
21601170,0.688,0.688,0.3,111.1,118.5,-7.4,76.87,0.206
21601193,0.658,0.674,0.329,104.6,113.6,-9,75.58,0.189
21601209,0.773,0.787,0.333,140,150,-10,68.49,0.153
21601227,0.423,0.489,0.231,105.5,110.9,-5.5,72.13,0.107
21700402,0.542,0.542,0.324,84.8,58.8,26,84.54,0.361
21700428,0.611,0.636,0.268,86.1,117.6,-31.5,83.33,0.197
21700449,0.5,0.5,0.237,83.3,94.3,-11,90.63,0.076
21700470,0.563,0.563,0.244,105,102.6,2.4,77.51,0.197
21700502,0.529,0.56,0.322,117.9,87.3,30.6,85.06,0.141
21700530,0.409,0.602,0.317,70.9,109.1,-38.2,79.81,0.112
21700550,0.475,0.542,0.366,108.2,100,8.2,80.57,0.184
21700573,0.5,0.506,0.328,95.1,86.9,8.2,85.56,0.202
21700633,0.625,0.74,0.263,127.8,98.2,29.5,78.05,0.228
21800008,0.432,0.487,0.302,124.1,106.3,17.8,85.38,0.128
21800019,0.44,0.535,0.376,130.1,111.4,18.7,79.74,0.16
21800041,0.786,0.786,0.221,129.2,90.5,38.8,82.4,0.164
21800055,0.696,0.707,0.341,112.3,106.7,5.7,83.62,0.21
21800069,0.469,0.563,0.229,108,101.3,6.7,86.62,0.209
21800100,0.579,0.662,0.274,122.4,106.5,15.9,90.48,0.217
21800123,0.536,0.571,0.265,106.5,98.4,8,84.22,0.182
21800161,0.471,0.596,0.309,104.2,105.7,-1.5,89.86,0.171
21800174,0.286,0.526,0.283,122.9,104.1,18.8,83.44,0.123
21800192,0.375,0.45,0.275,114.7,136.8,-22.1,80.51,0.079
21800206,0.556,0.604,0.317,106.7,105.3,1.3,86.37,0.191
21800216,0.44,0.519,0.317,107.7,103.3,4.4,85.57,0.203
21800248,0.531,0.52,0.271,103.2,108.1,-4.8,81.94,0.092
21800271,0.568,0.579,0.316,128.4,107.5,20.9,88.4,0.192
21800290,0.475,0.574,0.31,125.6,97.4,28.2,85.2,0.183
21800303,0.5,0.568,0.213,128.2,111.3,16.9,77.35,0.149
21800316,0.646,0.694,0.289,127.3,123.9,3.4,79.82,0.166
21800332,0.595,0.681,0.321,126.4,87.5,38.9,78.19,0.271
21800347,0.553,0.624,0.316,100,117.3,-17.3,86.83,0.139
21800359,0.646,0.676,0.315,106.4,105.3,1.1,87.15,0.239
21800371,0.595,0.653,0.333,103.9,103.9,0,81.81,0.188
21800388,0.472,0.518,0.238,116.4,105.6,10.8,76.83,0.146
21800427,0.588,0.654,0.294,122.8,124.1,-1.3,83.38,0.108
21800442,0.595,0.637,0.321,105.6,102.8,2.7,74.51,0.257
21800459,0.478,0.519,0.312,98.8,93.5,5.2,81,0.217
21800470,0.813,0.869,0.284,137.5,118.5,19,79.92,0.252
21800506,0.5,0.604,0.342,115.7,117.1,-1.4,79.58,0.166
21800519,0.421,0.495,0.306,79,124.6,-45.6,83.55,0.151
21800538,0.386,0.503,0.345,98.6,97.2,1.4,82.6,0.167
21800549,0.727,0.763,0.388,128.8,119.4,9.3,81.86,0.244
21800563,0.615,0.653,0.264,97,127.9,-30.9,82.36,0.113
21800580,0.563,0.664,0.286,141.8,113.8,28,83.65,0.167
21800602,0.694,0.735,0.268,107.9,96,11.9,86.41,0.261
21800624,0.556,0.542,0.286,122.6,85.2,37.3,91.91,0.179
21800639,0.569,0.622,0.313,107.2,110.5,-3.3,85.36,0.213
21800658,0.579,0.692,0.27,120.5,126,-5.5,85.09,0.179
21800724,0.658,0.725,0.275,126.2,120.2,6,86.56,0.169
21800739,0.5,0.593,0.338,115.5,115.5,0,81.61,0.232
21800766,0.35,0.375,0.265,89,98.6,-9.6,83.84,0.096
21800789,0.625,0.676,0.224,123.2,108.9,14.3,85.01,0.153
21800800,0.364,0.649,0.259,105.4,104.1,1.3,84.08,0.186
21800828,0.3,0.337,0.234,97.1,92.9,4.2,87.56,0.072
21800842,0.525,0.626,0.325,120.3,131.5,-11.2,85.97,0.135
21800876,0.348,0.456,0.333,129.3,117.1,12.2,86.86,0.086
21800909,0.633,0.643,0.298,124.5,100,24.5,83.11,0.211
21800930,0.682,0.745,0.355,138.7,121.6,17,86.59,0.192
21800961,0.477,0.537,0.313,114.9,101.5,13.4,74.23,0.181
21800983,0.725,0.727,0.329,110.4,90.8,19.7,96.76,0.187
21801001,0.658,0.615,0.31,95.5,112.5,-17,85.69,0.193
21801023,0.525,0.552,0.314,111.8,90.7,21.2,93.07,0.153
21801044,0.643,0.673,0.342,120,101.4,18.6,77.99,0.208
21801072,0.474,0.519,0.261,112.9,100,12.9,81.74,0.133
21801083,0.609,0.675,0.427,123.3,109.9,13.4,80.86,0.156
21801098,0.611,0.678,0.343,125,107.7,17.3,76.67,0.183
21801110,0.4,0.554,0.25,108,80,28,90.43,0.233
21801156,0.458,0.545,0.224,140.7,101.8,39,81.28,0.136
21801169,0.44,0.486,0.31,116.2,102.7,13.5,87.3,0.136
21801180,0.694,0.688,0.304,125,131.1,-6.1,78.86,0.183
21801195,0.447,0.498,0.291,109,100,9,82.11,0.092
21801214,0.714,0.714,0.273,128.8,109.6,19.2,87.21,0.169
21900002,0.553,0.641,0.408,113.6,107.7,5.9,83.04,0.168
21900016,0.559,0.56,0.373,142.9,87.8,55.1,91.43,0.251
21900035,0.543,0.555,0.38,107.2,123.2,-15.9,85.54,0.189
21900051,0.611,0.697,0.319,123,87.1,35.9,82.74,0.34
21900068,0.5,0.548,0.442,100,87.1,12.9,83.83,0.331
21900090,0.385,0.48,0.4,119.7,90,29.7,80.61,0.21
21900115,0.391,0.493,0.386,100,91.8,8.2,88.67,0.205
21900145,0.182,0.401,0.24,96.1,81.3,14.7,86.36,0.113
21900157,0.479,0.496,0.296,97.6,104.7,-7.1,82.57,0.188
21900212,0.425,0.425,0.284,93.6,96.2,-2.6,82.93,0.079
21900224,0.625,0.629,0.3,115.4,100,15.4,92.09,0.185
21900239,0.421,0.535,0.371,124.6,132.1,-7.6,81.15,0.165
21900251,0.548,0.603,0.329,103.1,84.6,18.5,90.63,0.291
21900276,0.348,0.391,0.37,94,89.2,4.8,86.56,0.14
21900292,0.714,0.747,0.338,128.1,92.1,36.1,95.97,0.274
21900305,0.267,0.328,0.3,136.4,107.1,29.2,78.91,0.093
21900327,0.393,0.511,0.293,85.5,112.7,-27.2,84.75,0.143
21900339,0.75,0.79,0.305,144.3,105.6,38.7,89.23,0.237
21900359,0.643,0.71,0.226,118.1,88.9,29.2,88.72,0.186
21900377,0.479,0.649,0.451,111.9,92.9,19,90.36,0.231
21900406,0.536,0.585,0.281,117.5,92.9,24.7,82.68,0.195
21900419,0.526,0.578,0.31,113.9,108.9,5.1,86.38,0.141
21900436,0.719,0.751,0.277,136.2,110.3,25.9,85.66,0.253
21900458,0.711,0.777,0.277,120.3,103.8,16.5,83.34,0.232
21900485,0.271,0.357,0.326,104.2,134.7,-30.5,79.35,0.059
21900499,0.405,0.498,0.302,115.5,97.2,18.3,75.4,0.131
21900516,0.531,0.547,0.304,121.6,84,37.6,82.38,0.229
21900523,0.375,0.45,0.333,106.4,136.4,-30,88.11,0.081
21900576,0.6,0.631,0.371,115.2,97.4,17.8,83.66,0.217
21900589,0.52,0.561,0.375,102.8,112.3,-9.6,80.78,0.195
21900603,0.773,0.814,0.386,165.5,96.6,68.9,81.44,0.281
21900618,0.7,0.735,0.348,144.1,120,24.1,79.73,0.207
21900626,0.554,0.602,0.419,111.8,120.8,-8.9,88.95,0.216
21900653,0.431,0.525,0.376,113.2,109.5,3.7,83,0.229
21900673,0.5,0.615,0.319,124.1,115,9.1,81.82,0.216
21900689,0.625,0.659,0.342,130.8,90.8,40,76.58,0.311
21900727,0.524,0.61,0.448,131.4,113.7,17.6,86.56,0.238
21900750,0.529,0.586,0.288,115.9,98.5,17.4,86.34,0.165
21900763,0.538,0.538,0.189,131.8,98.4,33.4,84.64,0.153
21900782,0.559,0.664,0.358,111.3,141.9,-30.6,89.87,0.167
21900802,0.587,0.617,0.317,102.7,116.2,-13.5,81.11,0.191
21900818,0.389,0.465,0.308,103.2,111.6,-8.4,83.39,0.126
21900835,0.522,0.594,0.297,96.3,109.9,-13.6,88.22,0.21
21900856,0.588,0.651,0.317,115.1,92.3,22.8,84.62,0.271
21900871,0.441,0.573,0.296,108.6,111.6,-3,78.11,0.192
21900886,0.542,0.612,0.309,124.5,92,32.5,78.06,0.193
21900897,0.55,0.626,0.333,134.8,139.4,-4.6,80.4,0.161
21900912,0.5,0.552,0.338,119,84.4,34.7,77.68,0.2
21900927,0.667,0.659,0.296,119.4,67.2,52.1,86.32,0.267
21900948,0.556,0.627,0.253,103.9,122.8,-18.9,83.96,0.123
21900967,0.714,0.751,0.259,154,104,50,79.21,0.236
21901232,0.531,0.645,0.333,107.1,85.5,21.6,83.86,0.284
21901241,0.438,0.576,0.333,142.9,80.7,62.2,85.12,0.237
21901258,0.524,0.582,0.291,119,120.5,-1.5,84.56,0.123
21901271,0.522,0.556,0.318,140.5,110.8,29.7,77.89,0.137
21901291,0.64,0.684,0.354,122.7,128,-5.3,81.41,0.197
21901307,0.594,0.666,0.296,133.8,115.4,18.5,77.91,0.145
