"","idGame","slugTeam","namePlayer","groupStartPosition","idTeam","idPlayer","fgm","fga","pctFG","fg3m","fg3a","pctFG3","pctFT","fg2m","fg2a","pctFG2","cityTeam","teamName","isStarter","minExact","ftm","fta","oreb","dreb","treb","ast","stl","blk","tov","pf","pts","plusminus","pctAST","pctOREB","pctDREB","pctTREB","pctTOVTeam","pctEFG","pctTS","pctUSG","pctUSGE","ortgE","ortg","drtgE","drtg","netrtgE","netrtg","ratioASTtoTOV","ratioAST","paceE","pace","pacePer40PACE_PER40","possessions","ratioPIE","pctFG2MasAssisted","pctFG2MasUnassisted","pctFG3MasAssisted","pctFG3MasUnassisted","pctFGMasAssisted","pctFGMasUnassisted","pctFGAasFG2","pctFGAasFG3","pctPTSasFG2","pctPTSasFG2asMR","pctsPTSasFG3","pctPTSasFB","pctPTSasFT","pctPTSasOffTOV","pctPTSasPaint","ptsOffTOV","ptsSecondChance","ptsFastBreak","ptsPaint","ptsOffTOVOpponent","ptsSecondChanceOpponent","ptsFastBreakOpponent","ptsPaintOpponent","blka","pfd","pctFGMOfTeam","pctFGAOfTeam","pctFG3MOfTeam","pctFG3AOfTeam","pctFTMOfTeam","pctFTAOfTeam","pctOREBOfTeam","pctDREBOfTeam","pctREBOfTeam","pctASTOfTeam","pctTOVOfTeam","pctSTLOfTeam","pctBLKOfTeam","pctBLKAOfTeam","pctPFOfTeam","pctPFDOfTeam","pctPTSOfTeam","pctEFGOpponent","pctTOVOpponent","pctOREBOpponent","rateFTA","rateFTAOpponent","fgContested","fg2Contested","fg3Contested","boxOutsPlayerTeamRebound","screenAssist","ptsScreenAssist","deflections","chargesDrawn","looseBallsRecoveredOffense","looseBallsRecoveredDefense","looseBallsRecovered","boxOutsOffense","boxOutsDefense","boxOutsPlayerTREB","boxOuts","passes","fgmContested","fgaContested","pctFGContested","fgmUncontested","fgaUncontested","pctFGUncontested","fgmRimDefended","fgaRimDefended","pctFGRimDefended","distMiles","mphMean","orebChances","drebChances","trebChances","touches","astSecondary","ftAST"
"1",21800001,"PHI","Dario Saric","F",1610612755,203967,3,8,0.375,0,4,0,0,3,4,0.75,"Philadelphia","Dario",TRUE,22.9,0,0,0,6,6,1,0,0,3,5,6,-4,0.071,0,0.214,0.113,25,0.375,0.375,0.193,0.203,84.4,81.5,91.2,92.3,-6.8,-10.8,0.33,8.3,109.8,111.06,92.55,54,0,0.667,0.333,0,0,0.667,0.333,0.5,0.5,1,0,0,0.333,0,0.333,1,2,2,2,6,4,7,0,10,0,1,0.176,0.2,0,0.364,0,0,0,0.3,0.273,0.125,0.375,0,0,0,0.455,0.091,0.136,0.468,0.152,0.2,0.35,0.128,7,3,4,"0",1,2,0,0,0,0,0,2,2,0,4,35,2,3,0.667,1,5,0.2,0,2,0,1.83,4.42,6,11,17,48,0,0
"2",21800001,"PHI","Robert Covington","F",1610612755,203496,3,10,0.3,2,7,0.285714285714286,0,1,3,0.333333333333333,"Philadelphia","Robert",TRUE,34.2166666666667,0,0,1,5,6,0,2,1,2,1,8,-11,0,0.024,0.128,0.075,16.7,0.4,0.4,0.14,0.143,86.2,87,104.2,104,-18,-17,0,0,107.03,106.64,88.86,77,0.049,1,0,1,0,1,0,0.3,0.7,0.25,0,0.75,0,0,0.375,0.25,3,3,0,2,8,6,2,24,0,1,0.107,0.147,0.5,0.333,0,0,0.167,0.167,0.167,0,0.2,0.333,0.333,0,0.077,0.071,0.119,0.515,0.12,0.189,0.191,0.162,9,4,5,"0",0,0,0,0,0,0,0,0,0,0,0,31,0,1,0,3,9,0.333,4,6,0.667,2.54,4.11,2,11,13,46,0,0
"3",21800001,"PHI","Joel Embiid","C",1610612755,203954,9,21,0.429,1,4,0.25,0.8,8,17,0.470588235294118,"Philadelphia","Joel",TRUE,36.8166666666667,4,5,2,8,10,2,1,2,5,3,23,-8,0.105,0.047,0.167,0.11,16.7,0.452,0.496,0.301,0.321,84,81.2,92.7,93.9,-8.7,-12.7,0.4,6.7,107.72,108.86,90.72,85,0.128,0.375,0.625,1,0,0.444,0.556,0.81,0.19,0.696,0,0.13,0.261,0.174,0.087,0.696,2,0,6,16,8,10,6,22,3,3,0.321,0.309,0.2,0.174,0.5,0.357,0.4,0.229,0.25,0.133,0.385,0.2,0.4,0.75,0.2,0.214,0.333,0.462,0.144,0.222,0.206,0.09,20,14,6,"4",3,6,0,0,0,0,0,0,9,1,9,49,5,13,0.385,4,8,0.5,2,8,0.25,2.48,3.74,6,14,20,76,0,0
"4",21800001,"PHI","Markelle Fultz","G",1610612755,1628365,2,7,0.286,0,0,0,0.5,2,7,0.285714285714286,"Philadelphia","Markelle",TRUE,24.3333333333333,1,2,0,3,3,2,1,0,3,1,5,-16,0.133,0,0.091,0.048,23.1,0.286,0.317,0.18,0.187,76.4,76.4,107.5,107.4,-31.1,-31,0.67,15.4,107.43,107.51,89.59,55,0.012,0.5,0.5,0,0,0.5,0.5,1,0,0.8,0,0,0,0.2,0,0.8,0,0,0,4,14,12,4,18,0,2,0.118,0.159,0,0,0.167,0.222,0,0.136,0.115,0.222,0.273,0.5,0,0,0.1,0.25,0.119,0.464,0.074,0.313,0.205,0.161,1,0,1,"1",2,5,0,0,0,0,0,1,2,0,3,25,1,5,0.2,1,2,0.5,0,1,0,1.82,4.18,1,4,5,36,0,1
"5",21800001,"PHI","Ben Simmons","G",1610612755,1627732,7,14,0.5,0,0,0,0.5,7,14,0.5,"Philadelphia","Ben",TRUE,42.7333333333333,5,10,3,12,15,8,4,2,3,5,19,-8,0.32,0.058,0.24,0.147,10.3,0.5,0.516,0.198,0.205,82.2,82.5,90.5,92.6,-8.3,-10.2,2.67,27.6,109.31,107.83,89.86,97,0.188,0.143,0.857,0,0,0.143,0.857,1,0,0.737,0,0,0.421,0.263,0.211,0.737,4,0,8,14,8,7,6,28,1,8,0.219,0.173,0,0,0.455,0.526,0.6,0.3,0.333,0.471,0.231,0.5,0.4,0.2,0.294,0.444,0.238,0.47,0.154,0.149,0.235,0.143,7,2,5,"1",2,5,1,0,0,0,0,0,4,1,4,87,4,6,0.667,3,8,0.375,4,4,1,3.23,4.21,5,16,21,110,0,1
"6",21800001,"PHI","Amir Johnson",NA,1610612755,101161,1,1,1,0,0,0,0.75,1,1,1,"Philadelphia","Amir",TRUE,11.1833333333333,3,4,0,3,3,1,0,0,0,1,5,-10,0.2,0,0.375,0.136,0,1,0.906,0.111,0.116,72.1,72,121.3,116.7,-49.2,-44.7,0,25,103.1,105.16,87.63,25,0.2,1,0,0,0,1,0,1,0,0.4,0,0,0,0.6,0,0.4,0,0,0,2,6,4,0,12,0,2,0.167,0.053,0,0,0.5,0.444,0,0.5,0.429,0.333,0,0,0,0,0.2,0.333,0.278,0.605,0.13,0.25,0.474,0.368,4,4,0,"1",1,2,1,0,0,0,0,1,2,0,3,26,1,1,1,0,0,0,2,3,0.667,0.87,4.32,3,5,8,30,0,0
"7",21800001,"PHI","JJ Redick",NA,1610612755,200755,7,17,0.412,2,8,0.25,0,5,9,0.555555555555556,"Philadelphia","JJ",TRUE,29.7666666666667,0,0,0,2,2,1,0,0,0,1,16,-10,0.063,0,0.057,0.029,0,0.471,0.471,0.224,0.236,82.7,82.9,98,100,-15.3,-17.1,0,5.6,112.52,111.27,92.72,70,0.08,0.8,0.2,1,0,0.857,0.143,0.529,0.471,0.625,0.5,0.375,0,0,0,0.125,0,0,0,2,10,5,6,20,1,2,0.304,0.315,0.5,0.421,0,0,0,0.074,0.069,0.077,0,0,0,0.333,0.063,0.167,0.276,0.492,0.144,0.182,0.259,0.164,3,2,1,"0",0,0,0,0,0,0,0,0,0,0,0,20,1,2,0.5,6,15,0.4,1,2,0.5,2.42,4.49,0,4,4,39,1,0
"8",21800001,"PHI","T.J. McConnell",NA,1610612755,204456,2,5,0.4,0,1,0,0,2,4,0.5,"Philadelphia","T.J.",TRUE,22.4333333333333,0,0,0,1,1,3,0,0,0,3,4,-11,0.3,0,0.038,0.019,0,0.4,0.4,0.093,0.104,77.3,71.4,98.4,95.8,-21.1,-24.4,0,37.5,98.47,103.77,86.48,49,0.034,0,1,0,0,0,1,0.8,0.2,1,0,0,0,0,0,1,0,0,0,4,8,12,6,20,0,0,0.167,0.143,0,0.1,0,0,0,0.059,0.05,0.429,0,0,0,0,0.333,0,0.114,0.478,0.171,0.32,0.343,0.089,2,1,1,"0",0,0,0,0,0,1,1,0,0,0,0,35,2,3,0.667,0,2,0,1,1,1,1.85,4.59,0,1,1,42,0,0
"9",21800001,"PHI","Landry Shamet",NA,1610612755,1629013,0,4,0,0,2,0,0.5,0,2,0,"Philadelphia","Landry",TRUE,12.7166666666667,1,2,0,1,1,0,0,0,0,0,1,-8,0,0,0.091,0.04,0,0,0.102,0.172,0.186,88.6,81.5,126.3,115.4,-37.7,-33.9,0,0,91.73,100.04,83.37,27,-0.086,0,0,0,0,0,0,0.5,0.5,0,0,0,0,1,0,0,0,0,0,0,4,7,0,12,0,1,0,0.2,0,0.5,0.143,0.182,0,0.167,0.125,0,0,0,0,0,0,0.125,0.045,0.609,0.168,0.455,0.55,0.174,2,1,1,"0",0,0,0,0,0,0,0,0,1,0,1,11,0,0,0,0,4,0,0,0,0,1.03,4.48,0,2,2,15,0,0
"10",21800001,"PHI","Jonah Bolden",NA,1610612755,1628413,0,0,0,0,0,0,0,0,0,0,"Philadelphia","Jonah",TRUE,1.45,0,0,0,0,0,0,0,0,0,0,0,-2,0,0,0,0,0,0,0,0,0,0,0,66.7,50,-66.7,-50,0,0,99.31,132.41,110.34,4,0,0,0,0,0,0,0,0,0,0,0,0,0,0,0,0,0,0,0,0,0,0,0,2,0,0,0,0,0,0,0,0,0,0,0,0,0,0,0,0,0,0,0,0.5,0.333,0,0,0,0,0,0,"0",0,0,0,0,0,0,0,0,0,0,0,1,0,0,0,0,0,0,0,0,0,0.14,5.17,0,0,0,1,0,0
"11",21800001,"PHI","Furkan Korkmaz",NA,1610612755,1627788,0,0,0,0,0,0,0,0,0,0,"Philadelphia","Furkan",TRUE,1.45,0,0,0,0,0,0,0,0,0,0,0,-2,0,0,0,0,0,0,0,0,0,0,0,66.7,50,-66.7,-50,0,0,99.31,132.41,110.34,4,0,0,0,0,0,0,0,0,0,0,0,0,0,0,0,0,0,0,0,0,0,0,0,2,0,0,0,0,0,0,0,0,0,0,0,0,0,0,0,0,0,0,0,0.5,0.333,0,0,0,0,0,0,"0",0,0,0,0,0,0,0,0,0,0,0,0,0,0,0,0,0,0,0,0,0,0.12,4.36,0,0,0,1,0,0
"12",21800001,"BOS","Jayson Tatum","F",1610612738,1628369,9,17,0.529,1,5,0.2,0.8,8,12,0.666666666666667,"Boston","Jayson",TRUE,28.9333333333333,4,5,2,7,9,3,1,0,1,2,23,6,0.25,0.061,0.179,0.125,4.3,0.559,0.599,0.29,0.294,84.3,84.4,71.8,73.8,12.5,10.5,3,13,108.6,107,89.17,64,0.336,0.25,0.75,1,0,0.333,0.667,0.706,0.294,0.696,0.261,0.13,0.174,0.174,0.174,0.435,4,2,4,10,7,5,10,28,0,3,0.429,0.315,0.167,0.25,0.667,0.714,0.5,0.269,0.3,0.3,0.091,0.25,0,0,0.167,0.231,0.426,0.36,0.15,0.161,0.13,0.193,5,0,5,"1",2,5,0,0,0,0,0,0,1,0,1,38,2,5,0.4,7,12,0.583,0,0,0,2.23,4.25,2,12,14,59,1,0
"13",21800001,"BOS","Gordon Hayward","F",1610612738,202330,4,12,0.333,1,3,0.333333333333333,0.5,3,9,0.333333333333333,"Boston","Gordon",TRUE,24.6166666666667,1,2,2,3,5,0,4,0,0,1,10,10,0,0.065,0.097,0.081,0,0.375,0.388,0.206,0.209,96.2,96.3,76.6,77.8,19.6,18.5,0,0,106.19,105.29,87.75,54,0.123,0,1,1,0,0.25,0.75,0.75,0.25,0.6,0.6,0.3,0,0.1,0.2,0,2,3,0,0,3,2,6,24,1,5,0.19,0.235,0.2,0.176,0.2,0.286,0.25,0.143,0.172,0,0,0.667,0,0.5,0.111,0.385,0.192,0.389,0.182,0.192,0.137,0.244,5,3,2,"1",0,0,0,0,0,0,0,0,3,0,3,21,1,4,0.25,3,8,0.375,0,3,0,1.82,4.08,5,8,12,38,1,0
"14",21800001,"BOS","Al Horford","C",1610612738,201143,4,7,0.571,0,1,0,1,4,6,0.666666666666667,"Boston","Al",TRUE,29.95,1,1,0,4,4,2,0,4,3,1,9,9,0.095,0,0.103,0.056,25,0.571,0.605,0.137,0.136,96.7,98.5,83.2,85.3,13.5,13.2,0.67,16.7,111.39,108.98,90.82,68,0.093,1,0,0,0,1,0,0.857,0.143,0.889,0.222,0,0,0.111,0,0.667,0,0,0,6,6,5,10,32,0,2,0.16,0.121,0,0.042,0.111,0.083,0,0.138,0.121,0.118,0.3,0,1,0,0.091,0.143,0.134,0.417,0.115,0.121,0.207,0.217,19,15,4,"3",2,4,0,0,0,0,0,0,5,0,5,39,3,3,1,1,4,0.25,7,12,0.583,2.15,4,0,12,12,52,0,1
"15",21800001,"BOS","Jaylen Brown","G",1610612738,1627759,5,13,0.385,1,3,0.333333333333333,0.5,4,10,0.4,"Boston","Jaylen",TRUE,28.3833333333333,1,2,3,2,5,2,0,0,2,4,12,11,0.091,0.094,0.063,0.078,11.1,0.423,0.432,0.229,0.227,107,109.4,89.6,92.2,17.4,17.2,1,11.1,110.97,108.23,90.19,64,0.021,0.5,0.5,1,0,0.6,0.4,0.769,0.231,0.667,0.167,0.25,0,0.083,0.167,0.5,2,2,0,6,7,5,10,34,2,1,0.185,0.22,0.125,0.12,0.125,0.2,0.6,0.083,0.172,0.105,0.286,0,0,0.667,0.364,0.077,0.171,0.473,0.137,0.111,0.169,0.2,3,0,3,"0",0,0,0,0,0,0,0,0,0,0,0,13,2,6,0.333,3,7,0.429,0,0,0,2.28,4.51,5,6,11,29,1,0
"16",21800001,"BOS","Kyrie Irving","G",1610612738,202681,2,14,0.143,1,8,0.125,1,1,6,0.166666666666667,"Boston","Kyrie",TRUE,29,2,2,0,4,4,7,0,0,3,1,7,9,0.292,0,0.118,0.059,12,0.179,0.235,0.247,0.245,99.4,103,87.3,89.4,12.1,13.6,2.33,28,112.55,109.24,91.03,66,0.018,1,0,1,0,1,0,0.429,0.571,0.286,0,0.429,0,0.286,0,0.286,0,0,0,2,8,5,10,34,1,2,0.077,0.233,0.125,0.308,0.25,0.2,0,0.154,0.129,0.389,0.333,0,0,0.25,0.077,0.143,0.103,0.445,0.133,0.103,0.167,0.273,1,0,1,"0",0,0,0,0,0,0,0,1,0,0,1,63,0,2,0,2,12,0.167,1,1,1,2.25,4.34,1,7,8,81,1,0
"17",21800001,"BOS","Marcus Morris Sr.",NA,1610612738,202694,7,12,0.583,2,7,0.285714285714286,0,5,5,1,"Boston","Marcus",TRUE,20.5,0,0,2,8,10,0,2,0,1,5,16,3,0,0.074,0.533,0.238,7.7,0.667,0.667,0.241,0.24,106.3,108.9,104.2,100,2.2,8.9,0,0,105.65,106.54,88.78,45,0.193,0,1,1,0,0.286,0.714,0.417,0.583,0.625,0.375,0.375,0,0,0.25,0.25,4,4,0,4,7,0,10,28,0,1,0.35,0.261,0.4,0.368,0,0,0.25,0.571,0.455,0,0.2,0.667,0,0,0.5,0.143,0.327,0.613,0.181,0.067,0.152,0.452,2,2,0,"2",0,0,0,0,0,0,0,1,1,2,3,38,1,1,1,6,11,0.545,5,5,1,1.6,4.38,5,9,11,52,0,0
"18",21800001,"BOS","Terry Rozier",NA,1610612738,1626179,5,10,0.5,1,2,0.5,0,4,8,0.5,"Boston","Terry",TRUE,26.5166666666667,0,0,0,8,8,1,0,1,1,0,11,22,0.048,0,0.258,0.133,8.3,0.55,0.55,0.167,0.174,110.7,107,70.7,69.6,40,37.4,1,8.3,99.78,102.28,85.23,57,0.212,0.25,0.75,0,1,0.2,0.8,0.8,0.2,0.727,0.545,0.273,0.182,0,0.182,0.182,2,0,2,2,3,0,8,20,0,1,0.192,0.185,0.2,0.105,0,0,0,0.333,0.25,0.143,0.167,0,0.333,0,0,0.111,0.18,0.364,0.145,0.111,0.13,0.318,2,2,0,"1",0,0,0,0,0,0,0,0,1,1,1,38,0,3,0,5,7,0.714,1,2,0.5,2.15,4.44,1,10,11,51,1,0
"19",21800001,"BOS","Marcus Smart",NA,1610612738,203935,2,4,0.5,2,4,0.5,0.5,0,0,0,"Boston","Marcus",TRUE,25,1,2,0,3,3,3,0,0,2,2,7,3,0.176,0,0.103,0.048,20,0.75,0.717,0.109,0.11,85.8,86.8,80.2,78.2,5.5,8.6,1.5,30,102.94,103.67,86.39,53,0.094,0,0,1,0,1,0,0,1,0,0,0.857,0,0.143,0,0,0,3,0,0,6,0,8,24,0,1,0.105,0.078,0.4,0.222,0.333,0.333,0,0.13,0.091,0.429,0.2,0,0,0,0.182,0.125,0.152,0.415,0.168,0.115,0.118,0.366,3,2,1,"2",0,0,0,0,0,0,0,0,3,0,3,30,0,0,0,2,4,0.5,2,2,1,1.81,4.03,0,7,7,36,0,0
"20",21800001,"BOS","Aron Baynes",NA,1610612738,203382,3,7,0.429,2,4,0.5,0,1,3,0.333333333333333,"Boston","Aron",TRUE,19.2333333333333,0,0,3,1,4,3,0,0,1,3,8,8,0.214,0.136,0.05,0.095,9.1,0.571,0.571,0.163,0.175,105.6,100,82.8,81,22.9,19,3,27.3,100.87,104.82,87.35,42,0.101,1,0,1,0,1,0,0.429,0.571,0.25,0,0.75,0,0,0,0.25,0,0,0,2,8,3,8,22,1,4,0.176,0.184,0.4,0.235,0,0,0.5,0.077,0.211,0.375,0.167,0,0,0.5,0.375,0.444,0.19,0.455,0.195,0.188,0.105,0.212,8,8,0,"6",3,6,0,1,0,0,0,5,5,2,10,22,0,2,0,3,5,0.6,2,3,0.667,1.37,3.96,4,3,7,29,0,1
"21",21800001,"BOS","Daniel Theis",NA,1610612738,1628464,0,0,0,0,0,0,0,0,0,0,"Boston","Daniel",TRUE,4.13333333333333,0,0,0,1,1,0,0,0,0,1,0,3,0,0,0.2,0.111,0,0,0,0,0,125,111.1,79.9,70,45.1,41.1,0,0,97.32,110.32,91.94,9,0,0,0,0,0,0,0,0,0,0,0,0,0,0,0,0,0,0,0,0,0,0,0,4,0,0,0,0,0,0,0,0,0,0.2,0.143,0,0,0,0,0,0.333,0,0,0.333,0.114,0,0,0.667,1,1,0,"2",1,2,0,0,0,0,0,0,3,1,3,3,0,0,0,0,0,0,1,1,1,0.32,4.23,2,3,4,3,0,0
"22",21800001,"BOS","Semi Ojeleye",NA,1610612738,1628400,0,0,0,0,0,0,0,0,0,0,"Boston","Semi",TRUE,1.45,0,0,0,1,1,0,0,0,0,0,0,2,0,0,0.25,0.2,0,0,0,0,0,66.7,50,0,0,66.7,50,0,0,99.31,132.41,110.34,4,0.333,0,0,0,0,0,0,0,0,0,0,0,0,0,0,0,0,0,0,0,0,0,0,0,0,0,0,0,0,0,0,0,0,0.25,0.25,0,0,0,0,0,0,0,0,0,0,0,0,0,0,0,0,"0",0,0,0,0,0,0,0,0,0,0,0,1,0,0,0,0,0,0,0,0,0,0.13,4.75,0,1,1,2,0,0
"23",21800001,"BOS","Guerschon Yabusele",NA,1610612738,1627824,0,0,0,0,0,0,0,0,0,0,"Boston","Guerschon",TRUE,1.45,0,0,0,0,0,0,0,0,0,0,0,2,0,0,0,0,0,0,0,0,0,66.7,50,0,0,66.7,50,0,0,99.31,132.41,110.34,4,0,0,0,0,0,0,0,0,0,0,0,0,0,0,0,0,0,0,0,0,0,0,0,0,0,0,0,0,0,0,0,0,0,0,0,0,0,0,0,0,0,0,0,0,0,0,0,0,0,0,0,"1",0,0,0,0,0,0,0,0,1,0,1,1,0,0,0,0,0,0,0,0,0,0.13,4.76,0,0,0,1,0,0
"24",21800001,"BOS","Brad Wanamaker",NA,1610612738,202954,1,1,1,0,0,0,0,1,1,1,"Boston","Brad",TRUE,0.833333333333333,0,0,0,1,1,0,0,0,0,0,2,2,0,0,0.5,0.5,0,1,1,0.5,1,200,100,0,0,200,100,0,0,86.57,115.43,96.19,2,1.5,0,1,0,0,0,1,1,0,1,0,0,0,0,0,1,0,0,0,2,0,0,0,0,0,0,1,1,0,0,0,0,0,0.5,0.5,0,0,0,0,0,0,0,1,0,0,0,0,0,0,0,0,"0",0,0,0,0,0,0,0,0,0,0,0,2,0,0,0,1,1,1,0,0,0,0.06,3.83,0,1,1,3,0,0
"25",21800002,"OKC","Paul George","F",1610612760,202331,9,23,0.391,4,12,0.333333333333333,0.625,5,11,0.454545454545455,"Oklahoma City","Paul",TRUE,37.4,5,8,0,2,2,5,4,0,5,3,27,-16,0.333,0,0.048,0.021,13.5,0.478,0.509,0.327,0.341,90.4,91.4,107.5,109.8,-17.1,-18.4,1,13.5,106.27,104.6,87.17,81,0.098,0.2,0.8,1,0,0.556,0.444,0.478,0.522,0.37,0.148,0.444,0,0.185,0.037,0.222,1,4,0,6,16,18,10,52,0,6,0.375,0.333,0.5,0.414,0.278,0.296,0,0.087,0.057,0.333,0.385,0.444,0,0,0.2,0.273,0.365,0.5,0.179,0.395,0.391,0.167,12,7,5,"2",0,0,0,0,0,0,0,1,4,1,5,40,3,7,0.429,6,16,0.375,4,4,1,2.68,4.02,1,8,9,76,0,1
"26",21800002,"OKC","Patrick Patterson","F",1610612760,202335,2,9,0.222,1,4,0.25,0.667,1,5,0.2,"Oklahoma City","Patrick",TRUE,18.9,2,3,3,2,5,0,1,1,1,0,7,3,0,0.125,0.133,0.128,9.1,0.278,0.339,0.2,0.209,107.5,108.9,106,104.5,1.5,4.3,0,0,113.04,113.04,94.2,45,0.036,1,0,1,0,1,0,0.556,0.444,0.286,0,0.429,0,0.286,0.429,0.286,3,1,0,2,13,4,5,24,0,2,0.125,0.237,0.167,0.25,0.182,0.2,0.429,0.2,0.294,0,0.125,0.125,1,0,0,0.182,0.143,0.578,0.23,0.231,0.395,0.313,5,5,0,"1",2,5,0,0,0,0,0,0,3,1,3,27,1,4,0.25,1,5,0.2,2,3,0.667,1.51,4.5,4,7,11,38,0,1
"27",21800002,"OKC","Steven Adams","C",1610612760,203500,6,12,0.5,0,0,0,0.625,6,12,0.5,"Oklahoma City","Steven",TRUE,35.6,5,8,4,7,11,4,2,0,2,3,17,-6,0.2,0.082,0.189,0.128,9.1,0.5,0.548,0.189,0.196,98.7,100,106.5,106.3,-7.8,-6.3,2,18.2,106.41,105.84,88.2,78,0.138,0.5,0.5,0,0,0.5,0.5,1,0,0.706,0,0,0.059,0.294,0.176,0.706,3,9,1,12,16,16,8,46,4,5,0.231,0.174,0,0,0.294,0.32,0.308,0.368,0.344,0.267,0.167,0.2,0,0.667,0.214,0.238,0.218,0.521,0.203,0.406,0.362,0.155,17,14,3,"9",7,17,0,0,0,0,0,8,11,4,19,40,6,12,0.5,0,0,0,7,10,0.7,2.71,4.26,14,13,27,57,0,0
"28",21800002,"OKC","Terrance Ferguson","G",1610612760,1628390,0,2,0,0,2,0,0,0,0,0,"Oklahoma City","Terrance",TRUE,26.5,0,0,2,2,4,1,0,0,1,3,0,0,0.053,0.057,0.08,0.067,25,0,0,0.042,0.044,101.1,101.7,100.1,105.3,1,-3.6,1,25,108.05,105.04,87.54,59,-0.02,0,0,0,0,0,0,0,1,0,0,0,0,0,0,0,0,0,0,0,11,9,5,34,0,0,0,0.039,0,0.091,0,0,0.222,0.143,0.174,0.071,0.111,0,0,0,0.3,0,0,0.531,0.233,0.333,0.373,0.184,4,3,1,"0",0,0,0,0,0,0,0,0,0,0,0,8,0,0,0,0,2,0,1,1,1,2.24,4.7,3,4,7,10,0,0
"29",21800002,"OKC","Dennis Schroder","G",1610612760,203471,7,19,0.368,2,6,0.333333333333333,0.833,5,13,0.384615384615385,"Oklahoma City","Dennis",TRUE,34.0833333333333,5,6,2,6,8,6,3,1,3,4,21,-7,0.333,0.043,0.171,0.099,9.7,0.421,0.485,0.278,0.284,100,101.4,108.1,107.9,-8.1,-6.5,2,19.4,106.21,105.62,88.02,74,0.139,0.2,0.8,1,0,0.429,0.571,0.684,0.316,0.476,0.286,0.286,0.238,0.238,0.143,0.19,3,0,5,4,16,16,8,44,1,5,0.28,0.292,0.25,0.261,0.294,0.24,0.154,0.333,0.258,0.429,0.25,0.3,0.25,0.167,0.286,0.238,0.28,0.529,0.211,0.419,0.385,0.162,3,2,1,"1",1,3,0,0,0,0,0,0,2,1,2,57,2,5,0.4,5,14,0.357,0,2,0,2.7,4.44,3,11,14,86,0,1
"30",21800002,"OKC","Jerami Grant",NA,1610612760,203924,2,7,0.286,1,4,0.25,0.5,1,3,0.333333333333333,"Oklahoma City","Jerami",TRUE,29.1,2,4,2,0,2,2,0,3,0,1,7,-11,0.133,0.048,0,0.025,0,0.357,0.4,0.123,0.129,84,85,97.6,105.1,-13.6,-20.1,0,18.2,102.42,98.13,81.78,60,0.047,1,0,1,0,1,0,0.429,0.571,0.286,0,0.429,0,0.286,0.286,0.286,2,0,0,2,3,16,8,34,1,4,0.118,0.132,0.25,0.19,0.154,0.182,0.222,0,0.071,0.2,0,0,0.6,0.25,0.071,0.222,0.137,0.429,0.173,0.424,0.415,0.127,10,8,2,"1",0,0,0,0,0,0,0,1,2,1,3,26,1,3,0.333,1,4,0.25,4,6,0.667,2.3,4.42,2,3,5,35,0,0
"31",21800002,"OKC","Alex Abrines",NA,1610612760,203518,3,8,0.375,2,6,0.333333333333333,0,1,2,0.5,"Oklahoma City","Alex",TRUE,23.4833333333333,0,0,0,2,2,0,0,0,0,2,8,-5,0,0,0.067,0.031,0,0.5,0.5,0.125,0.136,86.7,86.5,98.1,100,-11.4,-13.5,0,0,105.16,104.26,86.88,52,0.047,1,0,1,0,1,0,0.25,0.75,0.25,0,0.75,0.25,0,0.375,0.25,3,3,2,2,5,11,8,26,0,2,0.188,0.178,0.667,0.353,0,0,0,0.125,0.087,0,0,0,0,0,0.182,0.154,0.178,0.418,0.157,0.385,0.4,0.184,8,4,4,"2",0,0,0,0,0,0,0,0,4,1,4,12,1,2,0.5,2,6,0.333,3,4,0.75,1.88,4.51,1,6,7,21,0,0
"32",21800002,"OKC","Raymond Felton",NA,1610612760,101109,1,5,0.2,0,3,0,0.8,1,2,0.5,"Oklahoma City","Raymond",TRUE,13.9166666666667,4,5,0,3,3,1,0,0,2,0,6,-1,0.143,0,0.167,0.079,20,0.2,0.417,0.237,0.263,79.9,80.6,83.7,89.7,-3.7,-9,0.5,10,107.54,103.47,86.23,31,0.094,1,0,0,0,1,0,0.4,0.6,0.333,0,0,0.333,0.667,0.667,0.333,4,0,2,2,0,4,5,14,0,2,0.125,0.192,0,0.214,0.571,0.417,0,0.273,0.214,0.143,0.667,0,0,0,0,0.25,0.24,0.352,0.161,0.267,0.462,0.259,0,0,0,"2",0,0,0,0,0,0,0,0,2,1,2,23,1,2,0.5,0,3,0,0,1,0,1.04,4.18,0,3,3,33,0,1
"33",21800002,"OKC","Nerlens Noel",NA,1610612760,203457,1,2,0.5,0,0,0,0.5,1,2,0.5,"Oklahoma City","Nerlens",TRUE,12.4,1,2,3,4,7,1,1,1,0,3,3,-2,0.167,0.176,0.25,0.212,0,0.5,0.521,0.091,0.099,80.6,81.5,85.5,92.3,-4.8,-10.8,0,25,107.15,102.58,85.48,27,0.214,0,1,0,0,0,1,1,0,0.667,0,0,0,0.333,0,0.667,0,2,0,2,0,4,5,12,0,1,0.143,0.091,0,0,0.143,0.167,1,0.4,0.538,0.167,0,0.5,0.5,0,0.429,0.125,0.136,0.354,0.178,0.286,0.545,0.292,6,4,2,"0",1,2,0,0,0,0,0,1,2,0,3,23,1,1,1,0,1,0,2,3,0.667,0.99,4.47,4,8,11,26,1,0
"34",21800002,"OKC","Hamidou Diallo",NA,1610612760,1628977,2,4,0.5,0,0,0,0,2,4,0.5,"Oklahoma City","Hamidou",TRUE,8.61666666666667,0,1,0,1,1,1,1,0,0,2,4,5,0.2,0,0.111,0.05,0,0.5,0.45,0.174,0.171,108.2,116.7,83.3,88.9,24.9,27.8,0,20,107.51,100.27,83.56,18,0.095,1,0,0,0,1,0,1,0,1,0.5,0,0,0,0.5,0.5,2,0,0,2,0,2,3,4,1,2,0.286,0.235,0,0,0,0.1,0,0.2,0.111,0.2,0,0.333,0,1,0.333,0.286,0.19,0.393,0.26,0.286,0.588,0.357,3,2,1,"0",0,0,0,0,0,0,0,0,0,0,0,5,1,3,0.333,1,1,1,0,2,0,0.74,4.78,0,2,2,9,0,0
"35",21800002,"GSW","Kevin Durant","F",1610612744,201142,9,21,0.429,0,5,0,0.9,9,16,0.5625,"Golden State","Kevin",TRUE,37.7166666666667,9,10,1,7,8,6,1,1,3,4,27,14,0.24,0.025,0.14,0.089,8.6,0.429,0.531,0.296,0.3,105.3,107.3,90.2,90.2,15,17.1,2,17.1,105.38,104.36,86.96,82,0.171,0.667,0.333,0,0,0.667,0.333,0.762,0.238,0.667,0.222,0,0,0.333,0.185,0.444,5,2,0,12,11,12,8,24,0,8,0.265,0.284,0,0.238,0.643,0.667,0.077,0.219,0.178,0.25,0.188,0.2,0.167,0,0.2,0.533,0.307,0.42,0.159,0.256,0.203,0.362,7,3,4,"1",1,3,0,0,1,1,2,0,2,1,2,39,3,9,0.333,6,12,0.5,0,0,0,2.74,4.07,3,11,12,71,0,0
"36",21800002,"GSW","Draymond Green","F",1610612744,203110,1,6,0.167,0,1,0,0,1,5,0.2,"Golden State","Draymond",TRUE,32.75,0,0,1,12,13,5,3,0,6,3,2,2,0.185,0.033,0.279,0.178,35.3,0.167,0.167,0.143,0.148,101.1,100,97.9,94.8,3.2,5.2,0.83,29.4,108.99,111.39,92.82,75,0.071,0,1,0,0,0,1,0.833,0.167,1,0,0,0,0,0,1,0,0,0,2,14,10,8,20,1,1,0.036,0.103,0,0.059,0,0,0.143,0.414,0.361,0.263,0.353,0.5,0,1,0.158,0.071,0.027,0.467,0.161,0.237,0.241,0.393,7,5,2,"12",0,0,0,0,0,0,0,0,21,6,21,62,1,4,0.25,0,2,0,2,3,0.667,2.37,4.05,6,20,22,79,1,1
"37",21800002,"GSW","Damian Jones","C",1610612744,1627745,6,7,0.857,0,0,0,0,6,7,0.857142857142857,"Golden State","Damian",TRUE,26.55,0,0,2,1,3,2,0,3,2,4,12,-1,0.118,0.071,0.029,0.048,18.2,0.857,0.857,0.134,0.133,95.8,100,96.1,98.3,-0.3,1.7,1,18.2,108.37,104.87,87.39,57,0.112,0.833,0.167,0,0,0.833,0.167,1,0,1,0,0,0,0,0,1,0,2,0,12,11,8,6,12,1,1,0.261,0.137,0,0,0,0,0.25,0.048,0.103,0.125,0.154,0,0.6,0.5,0.267,0.125,0.211,0.44,0.166,0.276,0.157,0.38,20,13,7,"7",3,9,0,0,0,0,0,1,12,0,13,22,4,5,0.8,2,2,1,3,5,0.6,2.06,4.37,6,8,14,31,0,0
"38",21800002,"GSW","Klay Thompson","G",1610612744,202691,5,20,0.25,1,8,0.125,1,4,12,0.333333333333333,"Golden State","Klay",TRUE,34.9833333333333,3,3,1,3,4,0,0,0,2,3,14,2,0,0.026,0.067,0.048,8.7,0.275,0.328,0.25,0.252,101.1,106.7,99.2,102.6,1.9,4,0,0,108.26,103.59,86.33,75,-0.021,0.5,0.5,1,0,0.6,0.4,0.6,0.4,0.571,0.286,0.214,0,0.214,0.214,0.286,3,2,0,4,18,14,8,26,2,3,0.161,0.29,0.2,0.381,0.231,0.214,0.083,0.115,0.105,0,0.125,0,0,0.4,0.13,0.2,0.175,0.425,0.153,0.35,0.203,0.463,7,5,2,"1",1,2,0,0,0,0,0,0,2,0,2,22,0,6,0,5,14,0.357,2,2,1,2.72,4.35,3,5,8,45,0,0
"39",21800002,"GSW","Stephen Curry","G",1610612744,201939,11,20,0.55,5,9,0.555555555555556,1,6,11,0.545454545454545,"Golden State","Stephen",TRUE,36.6166666666667,5,5,0,8,8,9,1,0,3,4,32,15,0.346,0,0.16,0.088,9.1,0.675,0.721,0.24,0.245,108.6,109.8,92.7,92.6,15.9,17.2,3,27.3,107.32,106.85,89.04,82,0.252,0.667,0.333,0.8,0.2,0.727,0.273,0.55,0.45,0.375,0.063,0.469,0.313,0.156,0.25,0.313,8,6,10,10,11,13,6,20,0,4,0.297,0.256,0.833,0.45,0.5,0.455,0,0.242,0.167,0.36,0.2,0.167,0,0,0.182,0.308,0.356,0.425,0.161,0.25,0.141,0.403,4,1,3,"0",1,2,0,0,0,0,0,0,1,0,1,59,6,11,0.545,5,9,0.556,0,0,0,2.92,4.48,3,14,17,86,0,0
"40",21800002,"GSW","Kevon Looney",NA,1610612744,1626172,5,11,0.455,0,0,0,0,5,11,0.454545454545455,"Golden State","Kevon",TRUE,18.0666666666667,0,0,8,2,10,2,1,2,1,4,10,23,0.133,0.348,0.074,0.2,7.1,0.455,0.455,0.235,0.244,122.4,123.1,67.1,65.8,55.4,57.3,2,14.3,101.6,102.29,85.24,39,0.164,0.4,0.6,0,0,0.4,0.6,1,0,1,0,0,0,0,0,1,0,6,0,10,1,7,4,14,2,2,0.25,0.256,0,0,0,0,0.8,0.118,0.37,0.143,0.25,0.5,0.5,0.4,0.4,0.25,0.208,0.281,0.134,0.227,0.116,0.375,9,8,1,"5",3,6,0,0,0,0,0,0,10,1,10,26,3,8,0.375,2,3,0.667,3,5,0.6,1.38,4.28,14,7,20,39,0,0
"41",21800002,"GSW","Andre Iguodala",NA,1610612744,2738,1,2,0.5,0,1,0,0,1,1,1,"Golden State","Andre",TRUE,10.3833333333333,0,0,0,2,2,2,0,0,0,0,2,2,0.286,0,0.133,0.074,0,0.5,0.5,0.077,0.076,103.6,109.5,91,91.3,12.6,18.2,0,50,104.66,101.7,84.75,21,0.164,1,0,0,0,1,0,0.5,0.5,1,0,0,0,0,0,1,0,0,0,2,6,6,4,12,0,0,0.125,0.1,0,0.2,0,0,0,0.222,0.154,0.4,0,0,0,0,0,0,0.087,0.386,0.087,0.308,0.25,0.318,1,0,1,"3",1,2,0,0,0,0,0,1,3,2,4,17,1,2,0.5,0,0,0,0,0,0,0.79,4.27,1,2,3,19,0,0
"42",21800002,"GSW","Quinn Cook",NA,1610612744,1626188,1,2,0.5,1,1,1,0,0,1,0,"Golden State","Quinn",TRUE,13.2,0,0,1,1,2,1,0,0,2,2,3,-7,0.167,0.063,0.05,0.056,40,0.75,0.75,0.121,0.125,78.3,81.5,95.8,100,-17.4,-18.5,0.5,20,106.07,101.78,84.82,27,0.017,0,0,1,0,1,0,0.5,0.5,0,0,1,1,0,0,0,0,0,3,0,10,9,4,14,0,0,0.143,0.087,1,0.143,0,0,0.25,0.1,0.143,0.25,0.333,0,0,0,0.25,0,0.136,0.393,0.099,0.375,0.304,0.429,2,1,1,"0",0,0,0,0,0,0,0,0,0,0,0,24,0,0,0,1,2,0.5,2,2,1,1.12,4.76,1,1,2,29,0,0
"43",21800002,"GSW","Shaun Livingston",NA,1610612744,2733,3,5,0.6,0,0,0,0,3,5,0.6,"Golden State","Shaun",TRUE,14.5666666666667,0,0,2,1,3,1,1,0,1,2,6,-3,0.111,0.118,0.043,0.075,14.3,0.6,0.6,0.158,0.157,87,93.5,96.5,97,-9.5,-3.4,1,14.3,109.53,105.45,87.87,31,0.128,0.667,0.333,0,0,0.667,0.333,1,0,1,0,0,0,0,0,1,0,2,0,6,10,7,2,10,0,0,0.25,0.172,0,0,0,0,0.4,0.063,0.143,0.167,0.125,0.5,0,0,0.154,0,0.207,0.397,0.09,0.238,0.103,0.483,5,3,2,"1",0,0,0,0,0,0,0,0,2,0,2,21,2,3,0.667,1,2,0.5,0,0,0,1.17,4.52,2,1,3,28,0,0
"44",21800002,"GSW","Jordan Bell",NA,1610612744,1628395,0,0,0,0,0,0,0,0,0,0,"Golden State","Jordan",TRUE,6.65,0,0,1,1,2,0,0,1,0,1,0,-6,0,0.111,0.091,0.1,0,0,0,0,0,87.2,85.7,127.8,128.6,-40.6,-42.9,0,0,100.45,101.03,84.19,14,0.057,0,0,0,0,0,0,0,0,0,0,0,0,0,0,0,0,0,0,0,6,7,0,8,0,2,0,0,0,0,0,0,0.25,0.25,0.25,0,0,0,1,0,0.2,0.4,0,0.467,0.071,0.556,0.308,0.467,4,4,0,"0",1,2,0,0,0,0,0,0,3,0,3,13,0,0,0,0,0,0,1,4,0.25,0.52,4.35,2,3,5,14,0,0
"45",21800002,"GSW","Alfonzo McKinnie",NA,1610612744,1628035,0,1,0,0,1,0,0,0,0,0,"Golden State","Alfonzo",TRUE,2.35,0,0,0,0,0,0,0,0,0,0,0,-1,0,0,0,0,0,0,0,0.2,0.205,82,80,100,83.3,-18,-3.3,0,0,100.9,112.34,93.62,5,-0.143,0,0,0,0,0,0,0,1,0,0,0,0,0,0,0,0,0,0,0,3,0,0,2,0,0,0,0.333,0,1,0,0,0,0,0,0,0,0,0,0,0,0,0,0.5,0,0,0.667,0,1,0,1,"0",1,2,0,0,0,0,0,0,0,0,0,1,0,0,0,0,1,0,0,0,0,0.18,4.38,0,0,0,2,0,0
"46",21800002,"GSW","Jonas Jerebko",NA,1610612744,201973,0,0,0,0,0,0,0,0,0,0,"Golden State","Jonas",TRUE,6.16666666666667,0,0,0,3,3,0,0,0,1,2,0,0,0,0,0.375,0.176,100,0,0,0.059,0.059,86.5,92.3,99.3,100,-12.9,-7.7,0,0,101.03,97.3,81.08,13,0,0,0,0,0,0,0,0,0,0,0,0,0,0,0,0,0,0,0,0,4,2,0,8,0,0,0,0,0,0,0,0,0,0.5,0.333,0,0.5,0,0,0,0.4,0,0,0.4,0.083,0.25,0.143,0.7,1,0,1,"2",0,0,0,0,0,0,0,0,3,1,3,13,0,0,0,0,0,0,0,0,0,0.5,4.66,1,3,4,13,0,0
"47",21800003,"MIL","Khris Middleton","F",1610612749,203114,7,14,0.5,3,6,0.5,1,4,8,0.5,"Milwaukee","Khris",TRUE,32.7666666666667,2,2,1,8,9,4,2,1,2,3,19,2,0.211,0.036,0.2,0.132,9.5,0.607,0.638,0.227,0.229,108.4,110.3,107.8,107.4,0.6,2.9,2,19,100.26,99.61,83.01,68,0.178,0.25,0.75,0.667,0.333,0.429,0.571,0.571,0.429,0.421,0,0.474,0.263,0.105,0.105,0.421,2,5,5,8,18,7,7,30,1,2,0.269,0.264,0.273,0.261,0.167,0.143,0.2,0.267,0.257,0.25,0.133,0.667,0.25,0.143,0.167,0.133,0.253,0.508,0.103,0.231,0.264,0.203,6,5,1,"3",0,0,2,0,0,0,0,1,7,0,8,34,5,10,0.5,2,4,0.5,2,2,1,2.52,4.31,2,11,13,54,1,1
"48",21800003,"MIL","Giannis Antetokounmpo","F",1610612749,203507,9,21,0.429,0,3,0,0.583,9,18,0.5,"Milwaukee","Giannis",TRUE,34.7666666666667,7,12,3,15,18,8,0,1,8,5,25,11,0.348,0.088,0.357,0.237,18.6,0.429,0.476,0.393,0.405,111,110.3,101.9,101.4,9.1,8.9,1,18.6,104.28,104.92,87.43,78,0.136,0.444,0.556,0,0,0.444,0.556,0.857,0.143,0.72,0,0,0.08,0.28,0.24,0.72,6,1,2,18,12,4,9,28,6,6,0.281,0.333,0,0.115,0.583,0.706,0.333,0.429,0.409,0.381,0.5,0,0.5,0.75,0.294,0.545,0.291,0.516,0.109,0.125,0.27,0.234,7,3,4,"1",1,2,0,0,0,0,0,1,1,1,2,49,6,12,0.5,3,9,0.333,1,3,0.333,2.6,4.23,9,19,24,84,1,0
"49",21800003,"MIL","Brook Lopez","C",1610612749,201572,4,7,0.571,2,5,0.4,1,2,2,1,"Milwaukee","Brook",TRUE,21.45,4,4,0,3,3,1,1,0,2,3,14,8,0.063,0,0.103,0.061,18.2,0.714,0.799,0.185,0.187,109,110.2,96.3,93.9,12.7,16.3,0.5,9.1,108.84,109.65,91.38,49,0.113,1,0,0.5,0.5,0.75,0.25,0.286,0.714,0.286,0,0.429,0,0.286,0.214,0.286,3,0,0,4,9,2,4,22,0,4,0.2,0.175,0.286,0.278,0.571,0.5,0,0.115,0.1,0.071,0.2,0.5,0,0,0.333,0.571,0.259,0.467,0.063,0.103,0.2,0.087,5,3,2,"11",0,0,1,0,0,0,0,0,16,1,16,16,2,2,1,2,5,0.4,1,2,0.5,1.53,4.04,1,4,5,27,0,0
"50",21800003,"MIL","Malcolm Brogdon","G",1610612749,1627763,4,9,0.444,2,6,0.333333333333333,0,2,3,0.666666666666667,"Milwaukee","Malcolm",TRUE,38,0,0,0,3,3,6,1,0,4,3,10,1,0.207,0,0.071,0.037,21.1,0.556,0.556,0.134,0.139,106.7,104.8,105.5,104.8,1.2,-0.1,1.5,31.6,104.17,105.46,87.88,84,0.051,0.5,0.5,1,0,0.75,0.25,0.333,0.667,0.4,0,0.6,0,0,0,0.4,0,2,0,4,13,4,8,36,0,1,0.121,0.129,0.2,0.222,0,0,0,0.079,0.061,0.316,0.25,0.2,0,0,0.176,0.067,0.114,0.551,0.109,0.073,0.243,0.246,10,6,4,"0",0,0,2,0,0,2,2,0,0,0,0,51,2,3,0.667,2,6,0.333,3,5,0.6,2.86,4.24,0,7,7,67,0,0
"51",21800003,"MIL","Eric Bledsoe","G",1610612749,202339,7,13,0.538,3,5,0.6,0,4,8,0.5,"Milwaukee","Eric",TRUE,33.5333333333333,0,0,2,2,4,3,0,1,2,4,17,4,0.15,0.067,0.048,0.056,11.1,0.654,0.654,0.19,0.192,108.2,110,104,104.3,4.2,5.7,1.5,16.7,101.14,100.2,83.5,70,0.092,0.25,0.75,0.667,0.333,0.429,0.571,0.615,0.385,0.471,0,0.529,0,0,0.118,0.471,2,0,0,8,18,7,7,32,1,0,0.259,0.232,0.273,0.217,0,0,0.286,0.063,0.103,0.176,0.125,0,0.25,0.143,0.211,0,0.221,0.492,0.1,0.22,0.25,0.212,10,5,5,"0",0,0,4,0,0,2,2,0,0,0,0,31,4,6,0.667,3,7,0.429,1,3,0.333,2.47,4.12,3,5,8,51,0,1
"52",21800003,"MIL","Donte DiVincenzo",NA,1610612749,1628978,3,6,0.5,2,4,0.5,0,1,2,0.5,"Milwaukee","Donte",TRUE,22.0833333333333,0,0,1,1,2,1,1,0,1,0,8,-9,0.056,0.045,0.042,0.043,12.5,0.667,0.667,0.125,0.133,109.3,104.1,117,117.6,-7.7,-13.6,1,12.5,106.44,108.7,90.59,49,0.074,0,1,1,0,0.667,0.333,0.333,0.667,0.25,0,0.75,0.625,0,0.25,0.25,2,3,5,2,10,0,4,24,1,2,0.143,0.146,0.333,0.267,0,0,0.167,0.048,0.074,0.077,0.111,0.5,0,0.333,0,0.286,0.157,0.619,0.098,0.045,0.146,0.286,12,7,5,"0",1,3,2,0,0,1,1,0,0,0,0,21,1,1,1,2,5,0.4,0,2,0,1.83,4.63,3,5,8,28,0,0
"53",21800003,"MIL","Ersan Ilyasova",NA,1610612749,101141,6,9,0.667,1,3,0.333333333333333,0,5,6,0.833333333333333,"Milwaukee","Ersan",TRUE,28.9833333333333,0,0,1,8,9,2,0,0,0,6,13,-10,0.118,0.034,0.242,0.145,0,0.722,0.722,0.132,0.135,97.1,100,112.8,112.7,-15.8,-12.7,0,18.2,104.12,102.66,85.55,61,0.136,1,0,1,0,1,0,0.667,0.333,0.769,0,0.231,0,0,0.154,0.769,2,2,0,10,14,7,2,32,0,1,0.261,0.18,0.167,0.188,0,0,0.25,0.32,0.31,0.154,0,0,0,0,0.316,0.083,0.213,0.545,0.111,0.219,0.22,0.327,6,4,2,"6",0,0,1,1,0,0,0,2,8,1,10,31,2,2,1,4,7,0.571,4,7,0.571,2.2,4.24,4,12,16,40,0,0
"54",21800003,"MIL","John Henson",NA,1610612749,203089,1,3,0.333,0,0,0,1,1,3,0.333333333333333,"Milwaukee","John",TRUE,12.0166666666667,2,2,2,4,6,0,0,1,2,1,4,2,0,0.2,0.286,0.25,33.3,0.333,0.515,0.194,0.209,124.2,118.5,103.2,100,21.1,18.5,0,0,109.57,113.89,94.91,27,0.085,1,0,0,0,1,0,1,0,0.5,0,0,0,0.5,0.5,0.5,2,0,0,2,6,0,2,12,0,2,0.083,0.143,0,0,0.667,0.5,0.667,0.364,0.429,0,0.333,0,1,0,0.2,0.4,0.125,0.543,0.138,0.083,0.19,0.304,7,6,1,"3",2,5,0,0,0,0,0,1,4,3,5,7,1,2,0.5,0,1,0,1,2,0.5,0.93,4.24,3,6,8,13,0,0
"55",21800003,"MIL","Tony Snell",NA,1610612749,203503,0,2,0,0,1,0,0,0,1,0,"Milwaukee","Tony",TRUE,11.3333333333333,0,0,1,1,2,1,0,0,0,0,0,1,0.091,0.091,0.071,0.08,0,0,0,0.069,0.071,119.6,120,122.7,116,-3.1,4,0,33.3,103.17,105.88,88.24,25,0.01,0,0,0,0,0,0,0.5,0.5,0,0,0,0,0,0,0,0,0,0,0,7,3,7,10,0,1,0,0.095,0,0.1,0,0,0.333,0.111,0.167,0.143,0,0,0,0,0,0.167,0,0.568,0.169,0.357,0.333,0.273,3,0,3,"0",0,0,1,0,0,0,0,0,1,0,1,12,0,1,0,0,1,0,1,1,1,0.87,4.33,1,3,3,14,0,0
"56",21800003,"MIL","Christian Wood",NA,1610612749,1626174,1,1,1,1,1,1,0,0,0,0,"Milwaukee","Christian",TRUE,4.95,0,0,0,1,1,0,0,0,0,0,3,-3,0,0,0.2,0.091,0,1.5,1.5,0.083,0.084,123.9,122.2,157.7,140,-33.8,-17.8,0,0,86.11,92.12,76.77,9,0.174,0,0,1,0,1,0,0,1,0,0,1,0,0,0,0,0,0,0,0,3,1,5,4,0,0,0.2,0.1,1,0.167,0,0,0,0.333,0.167,0,0,0,0,0,0,0,0.273,0.722,0.113,0.4,0.2,0.222,1,0,1,"0",0,0,0,0,0,0,0,0,2,0,2,5,0,0,0,1,1,1,0,0,0,0.36,4.2,0,1,1,6,0,0
"57",21800003,"MIL","Sterling Brown",NA,1610612749,1628425,0,0,0,0,0,0,0,0,0,0,"Milwaukee","Sterling",TRUE,0.116666666666667,0,0,0,0,0,0,0,0,0,0,0,-2,0,0,0,0,0,0,0,0,0,0,0,227.3,200,-227.3,-200,0,0,186.35,211.77,176.47,0,0,0,0,0,0,0,0,0,0,0,0,0,0,0,0,0,0,0,0,0,0,0,0,0,0,0,0,0,0,0,0,0,0,0,0,0,0,0,0,0,0,0,0,0,0,0,0,0,0,0,0,"0",0,0,0,0,0,0,0,0,0,0,0,0,0,0,0,0,0,0,0,0,0,0.02,5.59,0,0,0,0,0,0
"58",21800003,"CHA","Nicolas Batum","F",1610612766,201587,2,8,0.25,1,4,0.25,0,1,4,0.25,"Charlotte","Nicolas",TRUE,31.8166666666667,0,0,1,6,7,3,2,2,2,1,5,-4,0.13,0.024,0.207,0.099,15.4,0.313,0.313,0.128,0.131,105,102.9,106.9,108.7,-1.9,-5.8,1.5,23.1,103.92,104.1,86.75,69,0.067,1,0,1,0,1,0,0.5,0.5,0.4,0,0.6,0.4,0,0,0.4,0,0,2,2,10,8,7,36,0,1,0.08,0.127,0.083,0.143,0,0,0.111,0.3,0.241,0.214,0.286,0.4,0.25,0,0.083,0.053,0.07,0.573,0.228,0.259,0.238,0.255,4,3,1,"2",1,2,0,0,1,2,3,0,5,1,5,36,0,1,0,2,7,0.286,3,5,0.6,2.45,4.32,2,11,12,46,0,0
"59",21800003,"CHA","Marvin Williams","F",1610612766,101107,2,7,0.286,1,6,0.166666666666667,0,1,1,1,"Charlotte","Marvin",TRUE,25.85,0,2,1,8,9,1,0,4,1,2,5,-4,0.056,0.029,0.296,0.148,10,0.357,0.317,0.15,0.151,102.3,101.8,116,111.1,-13.7,-9.3,1,10,98.82,101.19,84.33,55,0.063,1,0,1,0,1,0,0.143,0.857,0.4,0,0.6,0,0,0,0.4,0,0,0,2,5,5,7,24,0,2,0.1,0.137,0.111,0.261,0,0.154,0.2,0.421,0.375,0.1,0.333,0,1,0,0.182,0.167,0.089,0.554,0.155,0.296,0.255,0.283,10,5,5,"4",1,2,1,0,0,1,1,0,7,2,7,38,1,1,1,1,6,0.167,2,5,0.4,1.95,4.27,1,12,13,47,0,0
"60",21800003,"CHA","Cody Zeller","C",1610612766,203469,1,1,1,1,1,1,1,0,0,0,"Charlotte","Cody",TRUE,21.1,2,2,0,3,3,1,1,0,0,3,5,-11,0.059,0,0.136,0.063,0,1.5,1.33,0.042,0.042,98.3,97.8,120.7,119.1,-22.4,-21.3,0,33.3,104.84,105.8,88.17,46,0.073,0,0,1,0,1,0,0,1,0,0,0.6,0,0.4,0,0,0,0,0,0,7,5,9,22,0,2,0.056,0.023,0.167,0.056,0.667,0.5,0,0.231,0.2,0.1,0,0.25,0,0,0.375,0.286,0.111,0.598,0.216,0.409,0.093,0.244,6,1,5,"2",4,9,1,0,1,0,1,1,7,0,8,29,0,0,0,1,1,1,2,3,0.667,1.52,4.15,0,8,8,31,0,0
"61",21800003,"CHA","Jeremy Lamb","G",1610612766,203087,4,11,0.364,2,4,0.5,0,2,7,0.285714285714286,"Charlotte","Jeremy",TRUE,20.8,0,0,2,0,2,1,1,0,0,2,10,-6,0.071,0.071,0,0.043,0,0.455,0.455,0.216,0.215,99.6,100,111.8,110.6,-12.2,-10.6,0,8.3,106.98,107.31,89.42,46,0.045,0.5,0.5,1,0,0.75,0.25,0.636,0.364,0.4,0,0.6,0.3,0,0.5,0.4,5,2,3,4,9,5,4,24,1,2,0.222,0.244,0.286,0.2,0,0,0.4,0,0.118,0.1,0,0.25,0,0.5,0.25,0.2,0.217,0.592,0.236,0.333,0.111,0.211,8,4,4,"0",0,0,1,0,0,0,0,0,0,0,0,13,2,6,0.333,2,5,0.4,4,4,1,1.66,4.52,2,1,3,25,0,0
"62",21800003,"CHA","Kemba Walker","G",1610612766,202689,15,29,0.517,7,13,0.538461538461538,0.8,8,16,0.5,"Charlotte","Kemba",TRUE,38.65,4,5,1,1,2,4,2,0,3,0,41,-1,0.211,0.021,0.027,0.024,7.9,0.638,0.657,0.351,0.367,111.2,106.9,109.3,108,2,-1.1,1.33,10.5,105.34,108.05,90.04,87,0.184,0.125,0.875,0.429,0.571,0.267,0.733,0.552,0.448,0.39,0,0.512,0.049,0.098,0.22,0.39,9,0,2,16,19,11,7,44,2,8,0.441,0.377,0.5,0.382,0.364,0.333,0.111,0.038,0.057,0.235,0.333,0.286,0,0.5,0,0.4,0.441,0.58,0.209,0.235,0.195,0.232,8,6,2,"1",0,0,1,2,1,0,1,0,1,0,1,52,8,17,0.471,7,12,0.583,2,2,1,2.86,4.12,3,6,9,94,0,2
"63",21800003,"CHA","Willy Hernangomez",NA,1610612766,1626195,3,5,0.6,0,1,0,0.6,3,4,0.75,"Charlotte","Willy",TRUE,12.2666666666667,3,5,1,4,5,0,1,0,1,3,9,2,0,0.071,0.4,0.208,14.3,0.6,0.625,0.219,0.226,110.9,110.7,113.6,116,-2.8,-5.3,0,0,104.68,103.74,86.45,28,0.144,0.667,0.333,0,0,0.667,0.333,0.8,0.2,0.667,0,0,0,0.333,0,0.667,0,2,0,6,8,3,3,14,0,3,0.273,0.217,0,0.167,0.429,0.556,0.333,0.5,0.455,0,0.25,0.333,0,0,0.429,0.375,0.29,0.639,0.196,0.111,0.391,0.444,5,2,3,"1",4,9,0,0,0,1,1,1,2,1,3,20,3,4,0.75,0,1,0,0,1,0,1.02,4.51,5,5,9,29,1,0
"64",21800003,"CHA","Michael Kidd-Gilchrist",NA,1610612766,203077,3,6,0.5,0,0,0,0.667,3,6,0.5,"Charlotte","Michael",TRUE,21.6666666666667,4,6,3,3,6,1,0,1,1,3,10,3,0.067,0.125,0.158,0.14,9.1,0.5,0.579,0.192,0.205,113.7,108.5,100.8,102.1,13,6.4,1,9.1,102.47,104.16,86.8,47,0.082,0.667,0.333,0,0,0.667,0.333,1,0,0.6,0,0,0,0.4,0.4,0.6,4,3,0,6,8,8,3,28,1,4,0.167,0.158,0,0,0.667,0.545,0.75,0.214,0.333,0.111,0.167,0,0.143,0.333,0.375,0.308,0.196,0.581,0.21,0.125,0.289,0.162,12,10,2,"2",3,9,0,0,0,0,0,1,5,0,6,37,3,4,0.75,0,2,0,4,6,0.667,1.72,4.36,5,6,11,47,1,0
"65",21800003,"CHA","Malik Monk",NA,1610612766,1628370,7,16,0.438,4,8,0.5,0,3,8,0.375,"Charlotte","Malik",TRUE,33.5666666666667,0,0,0,4,4,2,1,2,0,1,18,5,0.091,0,0.121,0.056,0,0.563,0.563,0.198,0.201,112.6,112.3,106.1,106.9,6.6,5.4,0,11.1,103.95,103.66,86.39,73,0.122,0.667,0.333,0.75,0.25,0.714,0.286,0.5,0.5,0.333,0,0.667,0.111,0,0.111,0.333,2,0,2,6,14,10,10,42,0,1,0.241,0.258,0.364,0.32,0,0,0,0.174,0.133,0.143,0,0.25,0.286,0,0.077,0.05,0.22,0.559,0.193,0.233,0.323,0.254,6,3,3,"0",0,0,0,0,0,0,0,0,1,0,1,24,3,6,0.5,4,10,0.4,1,1,1,2.48,4.15,1,4,4,42,0,0
"66",21800003,"CHA","Miles Bridges",NA,1610612766,1628970,0,1,0,0,1,0,0.5,0,0,0,"Charlotte","Miles",TRUE,14.5,1,2,0,0,0,1,0,0,1,2,1,6,0.067,0,0,0,25,0,0.266,0.094,0.093,114.9,115.6,104.2,96.9,10.7,18.8,1,25,102.57,105.94,88.29,32,-0.048,0,0,0,0,0,0,0,1,0,0,0,0,1,0,0,0,0,0,0,7,2,5,18,0,1,0,0.038,0,0.125,0.333,0.4,0,0,0,0.143,0.25,0,0,0,0.333,0.25,0.027,0.577,0.168,0.214,0.192,0.154,9,4,5,"1",0,0,1,0,0,0,0,0,1,0,1,15,0,0,0,0,1,0,1,1,1,1.26,4.94,0,0,0,18,0,0
"67",21800003,"CHA","Tony Parker",NA,1610612766,2225,4,8,0.5,0,0,0,0,4,8,0.5,"Charlotte","Tony",TRUE,19.8,0,0,0,3,3,7,0,0,2,2,8,5,0.538,0,0.15,0.079,11.8,0.5,0.5,0.222,0.229,112.4,111.6,100.8,104.9,11.5,6.7,3.5,41.2,103.49,101.84,84.87,43,0.129,0,1,0,0,0,1,1,0,1,0.5,0,0.25,0,0.25,0.5,2,0,2,4,8,8,5,28,0,1,0.235,0.25,0,0,0,0,0,0.214,0.2,0.778,0.333,0,0,0,0.333,0.083,0.167,0.556,0.188,0.222,0.406,0.167,1,0,1,"1",0,0,0,0,0,0,0,0,2,0,2,37,2,6,0.333,2,2,1,0,0,0,1.58,4.48,1,4,5,47,0,1
"68",21800004,"BKN","Joe Harris","F",1610612751,203925,6,14,0.429,1,7,0.142857142857143,0,5,7,0.714285714285714,"Brooklyn","Joe",TRUE,37.1333333333333,0,0,0,6,6,5,1,0,2,2,13,-2,0.2,0,0.14,0.075,9.5,0.464,0.464,0.178,0.181,90.9,96.2,97.5,101.3,-6.5,-5.1,2.5,23.8,105.76,100.83,84.02,79,0.105,1,0,1,0,1,0,0.5,0.5,0.769,0,0.231,0,0,0,0.769,0,5,0,10,22,13,10,42,1,0,0.194,0.212,0.333,0.318,0,0,0,0.222,0.188,0.217,0.125,0.143,0,0.2,0.118,0,0.171,0.458,0.15,0.27,0.227,0.225,3,2,1,"4",0,0,0,0,0,0,0,0,6,2,6,40,3,8,0.375,3,6,0.5,2,3,0.667,3.03,4.45,2,11,13,57,1,1
"69",21800004,"BKN","Jared Dudley","F",1610612751,201162,0,5,0,0,4,0,0.5,0,1,0,"Brooklyn","Jared",TRUE,35.85,1,2,2,1,3,3,3,0,0,5,1,-8,0.111,0.056,0.025,0.039,0,0,0.085,0.071,0.074,90.4,93.2,99.1,104.1,-8.7,-10.8,0,33.3,103.15,99.08,82.57,74,-0.017,0,0,0,0,0,0,0.2,0.8,0,0,0,0,1,1,0,1,0,0,0,22,17,12,48,1,1,0,0.083,0,0.2,0.083,0.105,0.4,0.043,0.107,0.167,0,0.429,0,0.25,0.385,0.059,0.014,0.478,0.167,0.303,0.317,0.188,6,3,3,"5",3,6,0,0,0,0,0,1,6,1,7,53,0,1,0,0,4,0,5,6,0.833,2.7,4.14,4,8,11,61,0,0
"70",21800004,"BKN","Jarrett Allen","C",1610612751,1628386,6,10,0.6,2,3,0.666666666666667,0.75,4,7,0.571428571428571,"Brooklyn","Jarrett",TRUE,30.1666666666667,3,4,2,8,10,0,0,4,2,4,17,-9,0,0.067,0.216,0.149,14.3,0.7,0.723,0.209,0.216,98.5,100,104.9,115.3,-6.4,-15.3,0,0,99.27,93.89,78.25,59,0.174,1,0,1,0,1,0,0.7,0.3,0.471,0,0.353,0,0.176,0.235,0.471,4,0,0,8,16,19,10,46,0,3,0.286,0.208,0.5,0.176,0.231,0.222,0.4,0.471,0.455,0,0.222,0,0.8,0,0.308,0.2,0.288,0.468,0.154,0.433,0.375,0.175,22,22,0,"3",5,10,0,0,0,0,0,0,5,2,5,29,3,5,0.6,3,5,0.6,5,14,0.357,2.18,3.97,5,12,17,47,0,0
"71",21800004,"BKN","Caris LeVert","G",1610612751,1627747,10,18,0.556,0,2,0,0.875,10,16,0.625,"Brooklyn","Caris",TRUE,34,7,8,1,3,4,4,1,1,3,2,27,-10,0.267,0.029,0.073,0.053,10.7,0.556,0.627,0.312,0.318,96.6,98.6,104.7,111.4,-8.1,-12.9,1.33,14.3,102.26,98.13,81.78,69,0.202,0.5,0.5,0,0,0.5,0.5,0.889,0.111,0.741,0,0,0.148,0.259,0.185,0.741,5,0,4,20,20,21,10,50,1,9,0.4,0.321,0,0.1,0.5,0.421,0.2,0.15,0.16,0.222,0.273,0.2,0.2,0.5,0.105,0.563,0.397,0.457,0.161,0.412,0.339,0.246,8,4,4,"0",0,0,0,0,0,0,0,0,0,0,0,47,7,12,0.583,3,6,0.5,2,3,0.667,2.66,4.28,3,3,6,73,0,0
"72",21800004,"BKN","D'Angelo Russell","G",1610612751,1626156,3,9,0.333,1,4,0.25,0.5,2,5,0.4,"Brooklyn","D'Angelo",TRUE,24.95,1,2,0,2,2,5,1,0,2,1,8,-9,0.333,0,0.071,0.038,11.8,0.389,0.405,0.203,0.211,87.3,88.7,102.6,103.7,-15.3,-15,2.5,29.4,104.29,102.91,85.75,53,0.075,0.5,0.5,1,0,0.667,0.333,0.556,0.444,0.5,0.5,0.375,0,0.125,0.25,0,2,2,0,0,15,15,8,32,0,1,0.167,0.214,0.333,0.267,0.125,0.182,0,0.118,0.1,0.357,0.2,0.2,0,0,0.067,0.1,0.17,0.457,0.165,0.32,0.262,0.319,4,1,3,"1",0,0,0,0,0,0,0,0,1,0,1,47,0,5,0,3,4,0.75,3,3,1,1.91,4.09,0,2,2,60,0,1
"73",21800004,"BKN","Spencer Dinwiddie",NA,1610612751,203915,10,18,0.556,0,3,0,0.6,10,15,0.666666666666667,"Brooklyn","Spencer",TRUE,32.2833333333333,3,5,0,4,4,6,1,0,4,1,23,6,0.3,0,0.105,0.059,13.3,0.556,0.569,0.308,0.312,98.6,102.8,93.7,98.6,5,4.2,1.5,20,109.76,104.82,87.35,72,0.167,0.5,0.5,0,0,0.5,0.5,0.833,0.167,0.87,0,0,0.174,0.13,0,0.87,0,2,4,20,14,12,6,32,2,4,0.333,0.321,0,0.176,0.3,0.313,0,0.16,0.148,0.3,0.286,0.167,0,0.5,0.067,0.286,0.311,0.429,0.165,0.265,0.286,0.238,4,2,2,"1",1,2,0,0,0,0,0,0,1,0,1,46,7,11,0.636,3,7,0.429,1,3,0.333,2.42,4.13,1,7,8,72,1,1
"74",21800004,"BKN","Treveon Graham",NA,1610612751,1626203,0,2,0,0,2,0,0,0,0,0,"Brooklyn","Treveon",TRUE,17.4166666666667,0,0,0,2,2,1,1,0,1,4,0,6,0.059,0,0.1,0.057,25,0,0,0.073,0.075,102.3,105.1,94.4,89.7,7.9,15.4,1,25,106.33,107.48,89.57,39,-0.05,0,0,0,0,0,0,0,1,0,0,0,0,0,0,0,0,0,0,0,7,6,0,16,0,0,0,0.067,0,0.182,0,0,0,0.143,0.143,0.111,0.143,0.25,0,0,0.4,0,0,0.453,0.189,0.263,0.233,0.219,4,3,1,"4",1,2,0,0,0,0,0,0,4,1,4,12,0,0,0,0,2,0,0,2,0,1.45,4.52,2,2,4,15,0,0
"75",21800004,"BKN","Ed Davis",NA,1610612751,202334,4,4,1,0,0,0,0,4,4,1,"Brooklyn","Ed",TRUE,17.6,0,1,0,7,7,3,1,0,2,2,8,8,0.2,0,0.389,0.212,22.2,1,0.901,0.136,0.137,93.7,100,84.7,82.5,9,17.5,1.5,33.3,112.8,110.45,92.05,41,0.212,1,0,0,0,1,0,1,0,1,0,0,0,0,0.25,1,2,0,0,8,8,2,2,10,0,2,0.211,0.121,0,0,0,0.25,0,0.412,0.412,0.25,0.222,0.167,0,0,0.25,0.4,0.195,0.431,0.18,0.056,0.121,0.31,7,7,0,"2",7,14,0,0,0,0,0,0,5,0,5,33,2,2,1,2,2,1,2,5,0.4,1.32,4.12,2,8,10,40,0,0
"76",21800004,"BKN","Rodions Kurucs",NA,1610612751,1629066,1,2,0.5,1,2,0.5,0,0,0,0,"Brooklyn","Rodions",TRUE,10.6,0,0,0,1,1,1,0,0,1,2,3,3,0.091,0,0.1,0.056,25,0.75,0.75,0.12,0.118,98.3,104.2,95.3,91.7,2.9,12.5,1,25,109.8,108.63,90.52,24,0.021,0,0,0,1,0,1,0,1,0,0,1,0,0,0,0,0,0,0,0,6,0,2,4,0,0,0.083,0.105,1,0.5,0,0,0,0.1,0.1,0.1,0.167,0,0,0,0.4,0,0.12,0.471,0.13,0,0.053,0.412,3,2,1,"0",0,0,0,0,0,0,0,0,1,0,1,9,0,0,0,1,2,0.5,1,1,1,0.89,4.61,0,1,1,12,0,0
"77",21800004,"DET","Luke Kennard","F",1610612765,1628379,3,5,0.6,1,1,1,0,2,4,0.5,"Detroit","Luke",TRUE,19.35,0,0,0,4,4,0,0,1,1,1,7,-1,0,0,0.211,0.1,16.7,0.7,0.7,0.128,0.131,86,85.7,87,90.2,-1,-4.5,0,0,104.64,102.95,85.8,42,0.13,1,0,1,0,1,0,0.8,0.2,0.571,0,0.429,0.429,0,0,0.571,0,0,3,4,8,4,6,26,0,0,0.231,0.156,0.5,0.167,0,0,0,0.308,0.235,0,0.111,0,0.333,0,0.143,0,0.194,0.456,0.165,0.133,0.344,0.235,1,1,0,"1",0,0,0,0,0,0,0,0,1,1,1,11,2,3,0.667,1,2,0.5,0,0,0,1.59,4.49,0,5,5,18,1,0
"78",21800004,"DET","Blake Griffin","F",1610612765,201933,8,17,0.471,1,1,1,0.818,7,16,0.4375,"Detroit","Blake",TRUE,34.2833333333333,9,11,2,6,8,6,0,0,1,0,26,8,0.261,0.05,0.176,0.108,3.6,0.5,0.595,0.247,0.25,106.7,112.5,98,98.6,8.7,13.9,6,21.4,105.29,102.21,85.17,72,0.226,0.429,0.571,0,1,0.375,0.625,0.941,0.059,0.538,0,0.115,0.192,0.346,0.231,0.538,6,4,5,14,12,7,6,42,3,11,0.258,0.246,0.25,0.059,0.6,0.611,0.167,0.231,0.211,0.4,0.091,0,0,0.6,0,0.55,0.321,0.517,0.161,0.133,0.261,0.288,7,2,5,"4",3,8,0,1,0,0,0,2,5,2,7,52,6,13,0.462,2,4,0.5,4,4,1,2.35,3.77,9,9,16,77,0,1
"79",21800004,"DET","Andre Drummond","C",1610612765,203083,10,21,0.476,1,3,0.333333333333333,0.75,9,18,0.5,"Detroit","Andre",TRUE,32.1833333333333,3,4,9,11,20,2,0,1,4,5,24,-9,0.125,0.243,0.367,0.299,13.8,0.5,0.527,0.333,0.34,90.8,95.5,103.6,107.5,-12.8,-12,0.5,6.9,103.56,99.17,82.64,66,0.203,0.444,0.556,1,0,0.5,0.5,0.857,0.143,0.75,0,0.125,0,0.125,0.333,0.75,8,11,0,18,12,7,2,42,2,4,0.385,0.344,0.333,0.231,0.375,0.4,0.9,0.55,0.667,0.167,0.286,0,0.25,0.4,0.385,0.308,0.381,0.555,0.158,0.167,0.164,0.309,14,13,1,"4",3,6,0,0,0,0,0,1,7,4,8,53,4,11,0.364,6,10,0.6,9,12,0.75,2.34,4,14,17,30,79,0,0
"80",21800004,"DET","Bruce Brown","G",1610612765,1628971,0,3,0,0,2,0,0,0,1,0,"Detroit","Bruce",TRUE,18.8666666666667,0,0,0,2,2,1,0,1,1,4,0,6,0.059,0,0.1,0.047,20,0,0,0.082,0.082,108.6,110,88,92.7,20.5,17.3,1,20,106.44,103.03,85.86,40,-0.072,0,0,0,0,0,0,0.333,0.667,0,0,0,0,0,0,0,0,0,0,0,9,2,2,18,0,0,0,0.077,0,0.222,0,0,0,0.154,0.095,0.091,0.167,0,0.5,0,0.364,0,0,0.438,0.185,0.188,0.205,0.438,6,4,2,"0",0,0,0,0,0,0,0,0,0,0,0,12,0,1,0,0,2,0,1,4,0.25,1.55,4.55,2,3,5,19,0,0
"81",21800004,"DET","Reggie Jackson","G",1610612765,202704,7,20,0.35,2,9,0.222222222222222,1,5,11,0.454545454545455,"Detroit","Reggie",TRUE,35.0166666666667,3,3,1,1,2,4,1,0,2,1,19,3,0.167,0.023,0.03,0.026,7.4,0.4,0.446,0.253,0.257,103.2,108.3,102.2,105.6,0.9,2.7,2,14.8,102.1,98.01,81.68,72,0.081,0.2,0.8,1,0,0.429,0.571,0.55,0.45,0.526,0.105,0.316,0,0.158,0.105,0.421,2,2,0,8,12,7,4,42,0,4,0.226,0.278,0.667,0.563,0.231,0.2,0.071,0.042,0.053,0.267,0.182,0.5,0,0,0.063,0.211,0.244,0.526,0.164,0.172,0.208,0.328,1,1,0,"0",1,2,0,0,0,0,0,0,1,0,1,47,5,10,0.5,2,10,0.2,1,3,0.333,2.44,4.01,2,3,5,75,1,1
"82",21800004,"DET","Langston Galloway",NA,1610612765,204038,2,5,0.4,0,3,0,1,2,2,1,"Detroit","Langston",TRUE,33,2,2,0,3,3,1,0,0,0,0,6,-5,0.045,0,0.1,0.045,0,0.4,0.51,0.063,0.063,92.4,97.1,98.8,101.4,-6.4,-4.3,0,16.7,105.69,101.82,84.85,69,0.061,1,0,0,0,1,0,0.4,0.6,0.667,0.667,0,0,0.333,0,0,0,0,0,0,5,7,6,56,0,1,0.083,0.083,0,0.167,0.133,0.118,0,0.143,0.107,0.091,0,0,0,0,0,0.063,0.09,0.56,0.165,0.087,0.283,0.19,3,1,2,"0",0,0,1,0,0,0,0,0,0,0,0,22,1,1,1,1,4,0.25,3,3,1,2.75,4.53,1,5,5,30,0,0
"83",21800004,"DET","Glenn Robinson III",NA,1610612765,203922,2,3,0.667,0,1,0,0,2,2,1,"Detroit","Glenn",TRUE,20.0666666666667,0,0,0,0,0,0,1,1,1,0,4,0,0,0,0,0,25,0.667,0.667,0.083,0.085,97.1,95.6,89.2,93.5,7.9,2.1,0,0,110.61,108.84,90.7,45,0.048,1,0,0,0,1,0,0.667,0.333,1,0.5,0,0.5,0,1,0.5,4,0,2,2,2,2,4,34,0,1,0.143,0.088,0,0.091,0,0,0,0,0,0,0.125,0.333,0.333,0,0,0.1,0.093,0.556,0.228,0.083,0.353,0.139,6,3,3,"2",1,2,0,0,0,0,0,0,4,0,4,19,1,1,1,1,2,0.5,1,3,0.333,1.72,4.51,0,0,0,25,0,0
"84",21800004,"DET","Ish Smith",NA,1610612765,202397,5,11,0.455,1,3,0.333333333333333,0,4,8,0.5,"Detroit","Ish",TRUE,28.7666666666667,0,0,0,0,0,3,0,0,1,4,11,4,0.167,0,0,0,6.7,0.5,0.5,0.164,0.166,93.3,98.4,87.9,91.8,5.5,6.6,3,20,106.8,101.8,84.83,61,0.033,0.25,0.75,1,0,0.4,0.6,0.727,0.273,0.727,0,0.273,0.182,0,0.364,0.727,4,2,2,8,6,7,6,40,0,0,0.217,0.193,0.333,0.167,0,0,0,0,0,0.25,0.1,0,0,0,0.308,0,0.183,0.49,0.188,0.13,0.211,0.265,6,0,6,"0",0,0,0,0,0,0,0,0,0,0,0,52,2,5,0.4,3,6,0.5,3,3,1,2.52,4.48,0,0,0,68,0,0
"85",21800004,"DET","Zaza Pachulia",NA,1610612765,2585,2,6,0.333,0,0,0,1,2,6,0.333333333333333,"Detroit","Zaza",TRUE,14.7166666666667,2,2,2,5,7,4,2,1,2,5,6,9,0.364,0.118,0.357,0.226,15.4,0.333,0.436,0.265,0.253,110.6,116.7,80.7,83.9,29.9,32.8,2,30.8,104.11,99.48,82.9,30,0.132,0.5,0.5,0,0,0.5,0.5,1,0,0.667,0.333,0,0,0.333,0.333,0.333,2,2,0,2,2,2,4,22,0,2,0.154,0.2,0,0,0.333,0.333,0.5,0.5,0.5,0.444,0.667,0.5,1,0,0.714,0.333,0.171,0.458,0.217,0.091,0.2,0.208,4,3,1,"5",5,11,0,1,0,0,0,1,5,4,6,31,0,1,0,2,5,0.4,3,6,0.5,1.12,4.26,4,7,11,38,0,0
"86",21800004,"DET","Zach Lofton",NA,1610612765,1629155,0,1,0,0,1,0,0,0,0,0,"Detroit","Zach",TRUE,3.75,0,0,0,0,0,0,1,0,1,0,0,0,0,0,0,0,50,0,0,0.25,0.269,107.5,100,94.8,100,12.7,0,0,0,101.63,102.4,85.33,8,-0.056,0,0,0,0,0,0,0,1,0,0,0,0,0,0,0,0,0,0,0,2,0,0,8,0,0,0,0.167,0,0.5,0,0,0,0,0,0,1,0.5,0,0,0,0,0,0.8,0.355,0,0.167,0.2,0,0,0,"0",0,0,0,0,0,0,0,0,0,0,0,3,0,0,0,0,1,0,0,0,0,0.28,4.19,0,0,0,5,0,0
"87",21800005,"MEM","Chandler Parsons","F",1610612763,202718,3,9,0.333,0,5,0,0,3,4,0.75,"Memphis","Chandler",TRUE,22.55,0,0,0,1,1,0,1,1,0,3,6,-19,0,0,0.063,0.02,0,0.333,0.333,0.173,0.177,73.2,76.1,119.2,117.4,-46,-41.3,0,0,99.15,97.92,81.6,46,-0.007,0.667,0.333,0,0,0.667,0.333,0.444,0.556,1,0.667,0,0,0,0,0.333,0,0,0,2,9,9,10,28,1,1,0.273,0.214,0,0.294,0,0,0,0.111,0.083,0,0,0.143,0.5,0.25,0.333,0.083,0.171,0.684,0.265,0.4,0.262,0.079,2,1,1,"0",0,0,0,0,0,0,0,0,0,0,0,29,1,2,0.5,2,7,0.286,2,3,0.667,1.64,4.07,1,4,5,38,1,0
"88",21800005,"MEM","JaMychal Green","F",1610612763,203210,4,7,0.571,1,2,0.5,0,3,5,0.6,"Memphis","JaMychal",TRUE,24.9833333333333,0,0,2,5,7,2,2,0,1,2,9,-29,0.286,0.054,0.263,0.125,10,0.643,0.643,0.138,0.146,65.6,65.4,118.4,121.2,-52.8,-55.8,2,20,100.91,99.91,83.26,52,0.158,0.667,0.333,1,0,0.75,0.25,0.714,0.286,0.667,0.222,0.333,0,0,0.222,0.444,2,4,0,4,8,13,14,36,0,1,0.364,0.152,0.333,0.125,0,0,0.667,0.5,0.538,0.25,0.25,0.25,0,0,0.182,0.083,0.265,0.689,0.263,0.444,0.239,0.111,5,4,1,"5",2,4,0,0,0,0,0,3,9,3,12,55,2,3,0.667,2,4,0.5,7,9,0.778,1.91,4.28,8,9,16,63,0,0
"89",21800005,"MEM","Marc Gasol","C",1610612763,201188,2,11,0.182,2,3,0.666666666666667,0.875,0,8,0,"Memphis","Marc",TRUE,30.1833333333333,7,8,1,5,6,3,3,0,0,0,13,-8,0.231,0.025,0.208,0.094,0,0.273,0.448,0.221,0.226,80.3,86.4,99.7,98.3,-19.3,-11.9,0,16.7,97.55,94.62,78.85,59,0.17,0,0,1,0,1,0,0.727,0.273,0,0,0.462,0,0.538,0.231,0,3,0,0,0,8,9,9,32,3,6,0.133,0.208,0.25,0.136,0.538,0.471,0.333,0.385,0.375,0.273,0,0.333,0,0.429,0,0.4,0.255,0.583,0.253,0.316,0.321,0.104,11,8,3,"2",0,0,1,0,0,0,0,0,5,1,5,67,0,4,0,2,7,0.286,5,6,0.833,1.99,3.66,7,9,15,83,0,0
"90",21800005,"MEM","Garrett Temple","G",1610612763,202066,4,13,0.308,4,8,0.5,0,0,5,0,"Memphis","Garrett",TRUE,24.5,0,0,0,0,0,2,0,1,1,4,12,-6,0.2,0,0,0,6.3,0.462,0.462,0.255,0.265,90.3,95.7,104.9,108.5,-14.6,-12.8,2,12.5,96.47,92.08,76.73,47,0.007,0,0,1,0,1,0,0.385,0.615,0,0,1,0,0,0,0,0,0,0,0,6,8,5,26,1,2,0.286,0.289,0.571,0.421,0,0,0,0,0,0.182,0.333,0,1,0.25,0.4,0.167,0.267,0.6,0.226,0.294,0.244,0.15,6,3,3,"0",0,0,0,0,0,0,0,0,0,0,0,36,0,3,0,4,10,0.4,2,3,0.667,1.81,4.12,0,0,0,55,0,0
"91",21800005,"MEM","Mike Conley","G",1610612763,201144,3,11,0.273,2,5,0.4,1,1,6,0.166666666666667,"Memphis","Mike",TRUE,28.9666666666667,3,3,1,1,2,3,1,0,1,1,11,-11,0.214,0.026,0.043,0.033,6.3,0.364,0.446,0.197,0.207,90.3,93,109.1,112.3,-18.9,-19.3,3,18.8,97.21,94.43,78.69,57,0.064,1,0,1,0,1,0,0.545,0.455,0.182,0,0.545,0.273,0.273,0.364,0.182,4,1,3,2,8,11,11,36,0,3,0.176,0.208,0.25,0.217,0.273,0.231,0.25,0.077,0.118,0.231,0.25,0.125,0,0,0.1,0.214,0.208,0.622,0.222,0.316,0.245,0.122,3,2,1,"2",0,0,0,0,0,0,0,0,4,0,4,58,0,3,0,3,8,0.375,1,1,1,2.27,4.38,1,3,4,74,0,2
"92",21800005,"MEM","Kyle Anderson",NA,1610612763,203937,2,6,0.333,0,0,0,0.5,2,6,0.333333333333333,"Memphis","Kyle",TRUE,19.25,1,2,0,2,2,1,0,0,2,2,5,-11,0.143,0,0.133,0.053,20,0.333,0.363,0.188,0.202,82,82.9,118.5,112.5,-36.6,-29.6,0.5,10,99.08,101.02,84.19,41,-0.019,0,1,0,0,0,1,1,0,0.8,0.8,0,0,0.2,0,0,0,0,0,0,7,6,10,24,0,1,0.222,0.194,0,0,0.071,0.118,0,0.25,0.182,0.333,0.333,0,0,0,0.25,0.091,0.147,0.625,0.184,0.385,0.548,0.281,3,1,2,"0",0,0,2,0,0,0,0,0,1,0,1,33,0,3,0,2,3,0.667,0,0,0,1.49,4.27,4,5,8,44,0,0
"93",21800005,"MEM","Jaren Jackson Jr.",NA,1610612763,1628991,2,6,0.333,0,1,0,1,2,5,0.4,"Memphis","Jaren",TRUE,25.3,6,6,2,3,5,1,3,1,0,2,10,-21,0.111,0.065,0.13,0.093,0,0.333,0.579,0.145,0.162,75.8,73.6,121.5,115.4,-45.7,-41.8,0,10,95.7,99.6,83,53,0.176,0,1,0,0,0,1,0.833,0.167,0.4,0,0,0,0.6,0.2,0.4,2,4,0,4,10,10,12,32,0,4,0.182,0.146,0,0.111,0.429,0.353,0.5,0.231,0.294,0.2,0,0.75,1,0,0.2,0.308,0.256,0.611,0.162,0.381,0.415,0.222,9,9,0,"2",1,2,0,0,0,0,0,1,6,1,7,32,2,4,0.5,0,2,0,4,5,0.8,1.9,4.2,6,7,13,40,0,0
"94",21800005,"MEM","Shelvin Mack",NA,1610612763,202714,1,8,0.125,0,1,0,0.5,1,7,0.142857142857143,"Memphis","Shelvin",TRUE,29.9166666666667,1,2,1,2,3,3,1,0,1,3,3,-20,0.2,0.027,0.074,0.047,7.7,0.125,0.169,0.145,0.153,86,86.7,121,120,-35,-33.3,3,23.1,96.27,96.27,80.22,60,-0.025,0,1,0,0,0,1,0.875,0.125,0.667,0.667,0,0.333,0.333,0,0,0,0,1,0,10,15,15,42,2,1,0.063,0.157,0,0.056,0.077,0.118,0.2,0.154,0.167,0.3,0.143,0.2,0,0.667,0.3,0.077,0.058,0.607,0.168,0.435,0.333,0.143,9,4,5,"0",0,0,0,0,0,0,0,0,0,0,0,62,1,5,0.2,0,3,0,1,1,1,2.47,4.6,3,3,6,73,0,3
"95",21800005,"MEM","Dillon Brooks",NA,1610612763,1628415,0,1,0,0,0,0,0,0,1,0,"Memphis","Dillon",TRUE,6.28333333333333,0,0,0,0,0,0,0,0,1,1,0,-9,0,0,0,0,50,0,0,0.125,0.155,77.6,62.5,143.9,135.7,-66.3,-73.2,0,0,99.62,114.59,95.49,16,-0.14,0,0,0,0,0,0,1,0,0,0,0,0,0,0,0,0,0,0,0,5,4,4,14,0,0,0,0.111,0,0,0,0,0,0,0,0,0.333,0,0,0,0.25,0,0,0.708,0.152,0.6,0.222,0.417,3,0,3,"0",0,0,1,0,0,0,0,0,0,0,0,5,0,0,0,0,1,0,1,1,1,0.52,4.49,0,0,0,7,0,0
"96",21800005,"MEM","MarShon Brooks",NA,1610612763,202705,2,9,0.222,0,3,0,0.714,2,6,0.333333333333333,"Memphis","MarShon",TRUE,22.0666666666667,5,7,0,2,2,1,0,0,0,0,9,-7,0.091,0,0.105,0.043,0,0.222,0.373,0.235,0.237,94.1,102.4,120.1,119,-26,-16.7,0,7.7,95.01,91.36,76.13,42,0.043,0.5,0.5,0,0,0.5,0.5,0.667,0.333,0.444,0.222,0,0,0.556,0,0.222,0,2,0,2,9,8,7,24,0,5,0.154,0.231,0,0.214,0.455,0.538,0,0.2,0.133,0.125,0,0,0,0,0,0.455,0.209,0.577,0.144,0.375,0.333,0.154,5,3,2,"0",0,0,1,0,0,0,0,0,2,0,2,34,2,4,0.5,0,5,0,1,2,0.5,1.66,4.15,1,2,3,46,1,0
"97",21800005,"MEM","Wayne Selden",NA,1610612763,1627782,2,3,0.667,1,1,1,0,1,2,0.5,"Memphis","Wayne",TRUE,6,0,0,0,0,0,0,0,0,0,0,5,1,0,0,0,0,0,0.833,0.833,0.2,0.202,148,158.3,151.5,138.5,-3.5,19.9,0,0,98.88,100,83.33,12,0.125,0,1,1,0,0.5,0.5,0.667,0.333,0.4,0,0.6,0.4,0,0,0.4,0,0,2,2,0,2,3,6,0,0,0.5,0.3,1,1,0,0,0,0,0,0,0,0,0,0,0,0,0.263,0.727,0.168,0.5,1.1,0.182,1,0,1,"0",0,0,0,0,0,0,0,0,1,0,1,3,1,2,0.5,1,1,1,1,1,1,0.43,3.9,0,0,0,6,0,0
"98",21800005,"IND","Bojan Bogdanovic","F",1610612754,202711,7,9,0.778,3,3,1,1,4,6,0.666666666666667,"Indiana","Bojan",TRUE,27.1,2,2,0,6,6,0,0,0,3,0,19,8,0,0,0.182,0.115,23.1,0.944,0.962,0.206,0.216,114.4,110.7,96.9,100,17.5,10.7,0,0,97.35,97.42,81.18,56,0.202,0.75,0.25,0.667,0.333,0.714,0.286,0.667,0.333,0.421,0.105,0.474,0.158,0.105,0.263,0.316,5,2,3,6,9,7,3,10,0,3,0.269,0.205,0.429,0.25,0.667,0.4,0,0.273,0.214,0,0.214,0,0,0,0,0.273,0.306,0.429,0.09,0.154,0.114,0.265,6,3,3,"0",0,0,0,0,0,0,0,0,0,0,0,21,3,4,0.75,4,5,0.8,0,2,0,1.96,4.06,1,10,10,35,0,0
"99",21800005,"IND","Thaddeus Young","F",1610612754,201152,5,7,0.714,0,1,0,0,5,6,0.833333333333333,"Indiana","Thaddeus",TRUE,27.7166666666667,0,1,3,5,8,3,0,1,3,2,10,23,0.13,0.125,0.128,0.127,23.1,0.714,0.672,0.149,0.154,108.6,108.8,67.6,68.4,41.1,40.4,1,23.1,99.41,98.71,82.26,57,0.157,0.6,0.4,0,0,0.6,0.4,0.857,0.143,1,0,0,0.4,0,0.4,1,4,2,4,10,6,3,1,10,0,2,0.179,0.143,0,0.077,0,0.143,0.375,0.161,0.205,0.188,0.231,0,0.25,0,0.167,0.167,0.161,0.286,0.087,0.061,0.143,0.265,8,5,3,"7",3,7,0,1,0,0,0,1,8,2,9,24,4,5,0.8,1,2,0.5,3,4,0.75,2.12,4.24,4,12,15,34,0,0
"100",21800005,"IND","Myles Turner","C",1610612754,1626167,4,8,0.5,0,0,0,0,4,8,0.5,"Indiana","Myles",TRUE,20.3666666666667,0,0,3,5,8,1,0,4,1,3,8,7,0.091,0.176,0.167,0.17,10,0.5,0.5,0.196,0.203,84.7,85.4,62.8,68.3,21.9,17.1,1,10,101.25,96.63,80.52,41,0.244,0.5,0.5,0,0,0.5,0.5,1,0,1,0.25,0,0,0,0.25,0.75,2,2,0,6,6,1,0,6,0,0,0.267,0.258,0,0,0,0,1,0.238,0.333,0.091,0.083,0,0.571,0,0.231,0,0.229,0.222,0.09,0.087,0.097,0.417,10,8,2,"2",4,10,1,0,0,0,0,2,4,2,6,18,3,3,1,1,5,0.2,0,2,0,1.43,3.91,3,5,8,27,0,0
"101",21800005,"IND","Victor Oladipo","G",1610612754,203506,6,11,0.545,3,6,0.5,0.5,3,5,0.6,"Indiana","Victor",TRUE,25.7833333333333,1,2,0,5,5,5,0,0,3,3,16,9,0.313,0,0.139,0.091,15,0.682,0.673,0.259,0.269,100.5,100,77.1,80.8,23.4,19.2,1.67,25,97.96,95.88,79.9,51,0.215,0.333,0.667,0.667,0.333,0.5,0.5,0.455,0.545,0.375,0.125,0.563,0.188,0.063,0,0.25,0,0,3,4,6,5,0,8,2,3,0.273,0.275,0.5,0.5,1,0.5,0,0.217,0.179,0.357,0.214,0,0,1,0.2,0.333,0.314,0.298,0.073,0.148,0.1,0.362,7,2,5,"0",0,0,0,0,1,0,1,0,0,0,0,23,2,4,0.5,4,7,0.571,1,2,0.5,1.91,4.13,2,9,11,42,1,0
"102",21800005,"IND","Darren Collison","G",1610612754,201954,0,5,0,0,1,0,0,0,4,0,"Indiana","Darren",TRUE,21.4833333333333,0,0,0,1,1,5,0,0,3,4,0,-1,0.278,0,0.037,0.023,23.1,0,0,0.17,0.173,99.5,102.4,96.2,102.3,3.3,0.1,1.67,38.5,99.34,94.96,79.13,42,-0.09,0,0,0,0,0,0,0.8,0.2,0,0,0,0,0,0,0,0,0,0,0,6,3,0,8,0,2,0,0.152,0,0.111,0,0,0,0.053,0.045,0.5,0.273,0,0,0,0.333,0.222,0,0.423,0.066,0.095,0.152,0.333,3,1,2,"0",0,0,0,0,0,0,0,0,0,0,0,32,0,0,0,0,5,0,0,2,0,1.61,4.15,0,4,4,42,0,1
"103",21800005,"IND","Domantas Sabonis",NA,1610612754,1627734,7,11,0.636,0,0,0,0,7,11,0.636363636363636,"Indiana","Domantas",TRUE,28.55,0,2,6,9,15,2,0,0,3,3,14,26,0.087,0.25,0.257,0.254,18.8,0.636,0.589,0.209,0.214,125.9,126.8,79.6,81.8,46.3,45,0.67,12.5,94.92,93.31,77.76,56,0.169,0.857,0.143,0,0,0.857,0.143,1,0,1,0,0,0.286,0,0.286,1,4,4,4,14,3,8,4,8,0,4,0.233,0.212,0,0,0,0.2,0.667,0.36,0.441,0.125,0.333,0,0,0,0.333,0.4,0.197,0.4,0.142,0.167,0.192,0.16,6,5,1,"9",3,7,0,0,0,1,1,7,14,5,21,56,6,8,0.75,1,3,0.333,1,3,0.333,2.14,4.18,8,15,23,70,1,0
"104",21800005,"IND","Tyreke Evans",NA,1610612754,201936,6,12,0.5,1,5,0.2,0.5,5,7,0.714285714285714,"Indiana","Tyreke",TRUE,23.5666666666667,1,2,0,4,4,6,0,0,1,1,14,23,0.333,0,0.138,0.078,5,0.542,0.543,0.246,0.252,117.8,119.1,69.3,68.8,48.6,50.4,6,30,96.91,96.75,80.62,47,0.205,0,1,1,0,0.167,0.833,0.583,0.417,0.714,0.143,0.214,0.286,0.071,0.071,0.571,1,5,4,8,3,4,4,6,1,1,0.25,0.273,0.25,0.385,0.25,0.25,0,0.174,0.129,0.429,0.125,0,0,0.5,0.143,0.125,0.25,0.375,0.168,0.115,0.182,0.15,6,4,2,"1",0,0,0,0,2,0,2,0,1,0,1,25,4,6,0.667,2,6,0.333,0,0,0,1.65,3.89,0,6,6,40,0,1
"105",21800005,"IND","Cory Joseph",NA,1610612754,202709,5,7,0.714,1,2,0.5,0,4,5,0.8,"Indiana","Cory",TRUE,28.2833333333333,0,0,0,6,6,3,1,2,2,3,11,28,0.12,0,0.162,0.095,16.7,0.786,0.786,0.129,0.133,121.7,120.7,74.2,75,47.5,45.7,1.5,25,96.84,96.74,80.61,58,0.169,0.25,0.75,1,0,0.4,0.6,0.714,0.286,0.727,0.364,0.273,0.182,0,0,0.364,0,2,2,4,5,8,6,8,0,1,0.167,0.13,0.167,0.105,0,0,0,0.222,0.162,0.158,0.2,0.5,0.667,0,0.25,0.1,0.157,0.313,0.124,0.156,0.148,0.313,7,4,3,"1",1,3,0,0,1,0,1,0,2,0,2,49,1,2,0.5,4,5,0.8,1,3,0.333,2.29,4.5,1,9,10,61,2,0
"106",21800005,"IND","T.J. Leaf",NA,1610612754,1628388,0,0,0,0,0,0,0,0,0,0,"Indiana","T.J.",TRUE,0.966666666666667,0,0,0,0,0,0,0,0,0,0,0,0,0,0,0,0,0,0,0,0,0,200,100,200,200,0,-100,0,0,49.66,74.48,62.07,2,0,0,0,0,0,0,0,0,0,0,0,0,0,0,0,0,0,0,0,0,0,0,0,0,0,0,0,0,0,0,0,0,0,0,0,0,0,0,0,0,0,0,0,1,0,0,0,0,0,0,0,"0",0,0,0,0,0,0,0,0,1,0,1,2,0,0,0,0,0,0,0,0,0,0.08,4.44,0,0,0,2,0,0
"107",21800005,"IND","Doug McDermott",NA,1610612754,203926,5,9,0.556,1,5,0.2,0.5,4,4,1,"Indiana","Doug",TRUE,24.4,1,2,0,1,1,1,1,0,0,2,12,20,0.042,0,0.034,0.021,0,0.611,0.607,0.172,0.182,152.3,142.9,100.6,106.4,51.7,36.5,0,9.1,94.14,94.45,78.71,49,0.074,1,0,1,0,1,0,0.444,0.556,0.667,0.167,0.25,0,0.083,0,0.5,0,0,0,6,5,10,6,10,0,1,0.172,0.2,0.167,0.333,0.167,0.222,0,0.05,0.034,0.063,0,0.5,0,0,0.182,0.111,0.171,0.453,0.121,0.2,0.2,0.302,4,1,3,"0",0,0,0,0,0,0,0,0,1,0,1,12,1,2,0.5,4,7,0.571,1,2,0.5,2.04,4.68,1,5,5,22,0,0
"108",21800005,"IND","Edmond Sumner",NA,1610612754,1628410,1,2,0.5,0,1,0,0,1,1,1,"Indiana","Edmond",TRUE,3.85,0,0,0,0,0,0,0,0,0,0,2,-1,0,0,0,0,0,0.5,0.5,0.2,0.225,139.6,122.2,133.9,133.3,5.7,-11.1,0,0,104.8,112.01,93.34,9,0.053,1,0,0,0,1,0,0.5,0.5,1,0,0,0,0,0,1,0,0,0,2,2,2,2,2,0,0,0.25,0.286,0,0.25,0,0,0,0,0,0,0,0,0,0,0,0,0.182,0.333,0,0.25,0.286,1.5,0,0,0,"1",0,0,0,0,0,0,0,0,1,0,1,4,1,1,1,0,1,0,0,0,0,0.35,4.78,0,0,0,6,0,0
"109",21800005,"IND","Aaron Holiday",NA,1610612754,1628988,1,2,0.5,1,2,0.5,0,0,0,0,"Indiana","Aaron",TRUE,3.96666666666667,0,0,0,0,0,0,0,0,1,1,3,-1,0,0,0,0,33.3,0.75,0.75,0.3,0.338,139.6,122.2,133.9,150,5.7,-27.8,0,0,101.89,102.86,85.71,9,0,0,0,1,0,1,0,0,1,0,0,1,0,0,0,0,0,0,0,0,2,2,2,2,0,0,0.25,0.286,1,0.5,0,0,0,0,0,0,1,0,0,0,0.2,0,0.273,0.333,0,0.25,0.286,1.5,0,0,0,"0",0,0,0,0,0,0,0,0,0,0,0,8,0,0,0,1,2,0.5,1,1,1,0.35,4.76,0,0,0,12,0,0
"110",21800005,"IND","Kyle O'Quinn",NA,1610612754,203124,0,0,0,0,0,0,1,0,0,0,"Indiana","Kyle",TRUE,3.96666666666667,2,2,1,2,3,3,0,0,0,2,2,-1,0.75,0.333,0.4,0.375,0,0,1.136,0.1,0.113,139.6,122.2,133.9,150,5.7,-27.8,0,75,101.89,102.86,85.71,9,0.306,0,0,0,0,0,0,0,0,0,0,0,0,1,0,0,0,2,0,0,2,2,2,2,0,1,0,0,0,0,1,1,1,0.667,0.75,0.75,0,0,0,0,0.4,0.5,0.182,0.333,0,0.25,0.286,1.5,1,1,0,"1",0,0,0,0,0,0,0,0,1,0,1,17,0,0,0,0,0,0,0,0,0,0.33,4.37,2,4,6,18,0,0
